OBJECTID,PARKID,PARK,CATEGORY,SUBCATEGORY,MAP_CLASS,CIVIC_NO,STREET,OWNERSHIP,CREATE_DATE,UPDATE_DATE,SOURCE,SOURCE_DATE,SHAPE.AREA,SHAPE.LEN
1,2497,KOLB GREENWAY,GREENWAY,OPEN SPACE,MINOR,,ROTHSAY AVE TO OTTAWA ST N,KITCHENER,2003-09-24,2014-05-12,OPERATIONS,2005-02-18,169285.13422546,7745.35984703316
2,2313,DINISON PARK,NEIGHBOURHOOD PARK,PLAY AREA,LOCAL,165,DINISON CRES,KITCHENER,2003-09-24,2015-08-21,OPERATIONS,2016-04-21,6755.4034198,360.530897664703
3,2448,EDMUND GREEN,GREEN (PARKETTE),PLAY AREA,LOCAL,55,EDMUND RD,KITCHENER,2003-09-24,2015-08-21,OPERATIONS,2016-04-21,1537.25711635,305.545201753738
4,5605,UNNAMED 69,OPEN SPACE,OPEN SPACE/SWM,LOCAL,,FOREST CREEK DR,KITCHENER,2011-04-27,2013-02-20,58M-505,2010-09-17,14935.53492907,493.288308007042
5,2569,IRON HORSE TRAIL,GREENWAY,OPEN SPACE/TRAIL,LOCAL,,UNION BLVD TO OTTAWA ST S,KITCHENER,2003-09-24,2014-05-12,OPERATIONS,2016-04-21,74792.57533097,8940.83617657497
6,2412,MANSION GREEN,GREEN (PARKETTE),PLAY AREA,LOCAL,11,GORDON AVE,KITCHENER,2003-09-24,2015-08-21,OPERATIONS,2016-04-21,824.44071499,176.180908325846
7,2310,FOX GLOVE PARK,NEIGHBOURHOOD PARK,PLAY AREA,MINOR,20,FOXGLOVE CRES,KITCHENER,2003-09-24,2015-08-21,OPERATIONS,2016-04-21,19760.93375966,738.746512893074
8,2299,RESURRECTION PARK,NEIGHBOURHOOD PARK,PLAY AREA,MINOR,71,RESURRECTION DR,KITCHENER,2003-09-24,2015-08-23,OPERATIONS,2016-04-21,20971.59920713,639.737022467857
9,3208,BANFFSHIRE PARK,NEIGHBOURHOOD PARK,PLAY AREA,LOCAL,85,BANFFSHIRE ST,KITCHENER,2005-06-06,2015-08-23,OPERATIONS 2008 PARK AUDIT,2008-01-11,17350.30593925,872.165535832539
10,2327,CEDARHILL PARK,NEIGHBOURHOOD PARK,PLAY AREA,LOCAL,110,CEDARHILL CRES,KITCHENER,2003-09-24,2015-08-23,OPERATIONS,2016-04-21,6520.09643918,391.689985600714
11,2335,SANDHILLS PARK,NEIGHBOURHOOD PARK,PLAY AREA,MINOR,130,CEDAR ST S,KITCHENER,2003-09-24,2015-08-21,OPERATIONS,2016-04-21,10226.61270853,624.300995248824
12,2366,OXFORD ST PARK,GREEN (PARKETTE),PUMPING STATION,LOCAL,291,OXFORD ST,KITCHENER,2003-09-24,2015-08-21,OPERATIONS,2016-04-21,2585.35552202,434.496704408884
13,2588,WATER TREATMENT CENTRE (REGION),OTHER,LIMITED ACCESS,LOCAL,368,MILL PARK RD,REGION,2003-09-24,2015-08-21,OPERATIONS,2016-04-21,90489.45115315,5148.96626132167
14,2303,UNIROYAL-GOODRICH PARK,NEIGHBOURHOOD PARK,PLAY AREA,LOCAL,250,GUELPH ST,KITCHENER,2003-09-24,2015-08-23,OPERATIONS,2016-04-21,6553.590458615,446.659037489203
15,2360,THOMAS SLEE DRIVE - SWP,NATURAL AREA,OPEN SPACE/SWM,LOCAL,,THOMAS SLEE DR,KITCHENER,2003-09-24,2015-08-21,OPERATIONS,2016-04-21,6413.53762823,327.592680585593
16,8072,STEEPLERIDGE ST SWP,OPEN SPACE,OPEN SPACE/SWM,LOCAL,,GROH DR,KITCHENER,2015-04-23,2016-03-16,58M-487,2009-11-02,5908.408088185,387.102635415622
17,2344,TOPPER WOODS,UNKNOWN,UNKNOWN,MINOR,,FOREST EDGE TRAIL,KITCHENER,2003-09-24,2016-03-16,OPERATIONS,2015-04-23,222389.72312145,2556.38845053227
18,2573,WESTWOOD PARK,NEIGHBOURHOOD PARK,PLAY AREA,MINOR,175,WESTWOOD DR,KITCHENER,2003-09-24,2016-03-16,OPERATIONS,2016-04-21,23941.170063635,1012.35785246521
19,8533,DOON SOUTH CREEK NATURAL AREA TRAIL,OPEN SPACE,OPEN SPACE/TRAIL,LOCAL,,SOUTH CREEK DR,KITCHENER,2015-08-27,2016-03-16,58M-541,2012-06-05,252.52560399,125.357203419443
20,2579,VICTORIA PARK,CITY WIDE PARK,PLAY AREA,MAJOR,92,DAVID ST,KITCHENER,2003-09-24,2014-10-17,OPERATIONS,2016-04-21,186753.670160215,3276.2604073675
21,7455,LUDOLPH PARK,NEIGHBOURHOOD PARK,PLAY AREA,MINOR,269,SEABROOK DR,KITCHENER,2015-01-07,2015-09-15,58M-579,2014-11-12,16648.89146711,548.014580513681
22,2410,LANG GREEN,TO INPUT,TO INPUT,LOCAL,69,VICTORIA ST S,KITCHENER,2003-09-24,2016-03-16,OPERATIONS,2016-04-21,178.648874425,55.0406626699819
23,2283,KIWANIS PARK,CITY WIDE PARK,PLAY AREA,MAJOR,1000,KIWANIS PARK DR,KITCHENER,2003-09-24,2016-03-16,OPERATIONS,2016-04-21,198578.542360765,2125.57136601798
24,2505,WESTHEIGHTS PARK,NEIGHBOURHOOD PARK,MINOR SPORTSFIELD,MINOR,401,WESTHEIGHTS DR,KITCHENER,2003-09-24,2016-02-03,OPERATIONS,2016-04-21,20140.863788405,636.07869150688
25,3056,HURON NATURAL AREA,NATURAL AREA,OPEN SPACE,MINOR,,TRILLIUM DR,KITCHENER,2005-02-18,2014-05-07,OPERATIONS,2008-02-08,1076885.33634715,11548.6256171142
26,6277,WOOLNER SWP,NATURAL AREA,OPEN SPACE/HAZARD LAND,MINOR,,WOOLNER TRAIL,KITCHENER,2013-04-12,2014-05-08,2012 ORTHO,2013-04-12,4114.39484137,311.588516962079
27,2439,STRASBURG CREEK NORTH BRANCH,NATURAL AREA,OPEN SPACE,MINOR,,TRILLIUM DR,KITCHENER,2003-09-24,2014-05-08,OPERATIONS,2005-01-31,114039.37159951,4413.36914395369
28,2493,IDLEWOOD GREENWAY,GREENWAY,OPEN SPACE,LOCAL,,OLDFIELD DR TO BRIERDALE DR,KITCHENER,2003-09-24,2014-05-08,OPERATIONS,2016-04-21,27069.72250161,2597.58697729137
29,2591,PIONEER MEMORIAL TOWER PARK,GREEN (PARKETTE),PLAY AREA,MAJOR,300,LOOKOUT LANE,FEDERAL GOVERNMENT,2003-09-24,2016-03-16,OPERATIONS,2016-04-21,4688.301502285,283.485254997175
30,4856,GRCA LANDS (GRCA),NATURAL AREA,OPEN SPACE,MINOR,,PIONEER TOWER RD,GRCA,2008-02-21,2016-03-16,OPERATIONS,2008-02-22,68055.236072815,2035.30479674758
31,5601,EBY WOODS,NATURAL AREA,OPEN SPACE/WOODLOT,MINOR,,GRAVEL RIDGE PL,KITCHENER,2011-04-25,2015-08-19,"LEGAL NOTICE SEPTEMBER 13, 2010",2010-09-13,43164.42398659,887.3774482568
32,5604,EBY WOODS TRAIL,OPEN SPACE,OPEN SPACE/TRAIL,LOCAL,,OTTAWA ST S,KITCHENER,2011-04-25,2015-08-19,LEGAL NOTICE PARKLAND DEDICATION 30CDM-09210,2010-09-10,2019.817149755,358.479196346204
33,2470,CROSBY PARK,NEIGHBOURHOOD PARK,PLAY AREA,MINOR,60,CROSBY DR,KITCHENER,2003-09-24,2015-08-21,OPERATIONS,2016-04-21,16785.909594835,530.127205741874
34,6994,UNNAMED 4,GREENWAY,OPEN SPACE,MINOR,,KENT AVE,KITCHENER,2014-03-13,2014-05-08,OPERATIONS,2013-03-13,9371.80089158,1142.3794224415
35,3074,HOMER WATSON PARK,NATURAL AREA,OPEN SPACE,MAJOR,,WABANAKI DR,KITCHENER,2005-02-18,2014-05-07,OPERATIONS,2005-02-18,634459.587419835,8458.87171792739
36,3089,COMMONWEALTH PARK,NEIGHBOURHOOD PARK,PLAY AREA,LOCAL,560,COMMONWEALTH CRES,KITCHENER,2005-03-07,2015-08-21,58M-344,2005-02-18,6237.0883978,457.763028704379
37,2290,DUKE PARK,NEIGHBOURHOOD PARK,PLAY AREA,LOCAL,455,DUKE ST W,KITCHENER,2003-09-24,2015-08-21,OPERATIONS,2016-04-21,3559.61092382,279.852673399164
38,4050,PAIGE PARK,NEIGHBOURHOOD PARK,PLAY AREA,LOCAL,235,PAIGE PL,KITCHENER,2006-08-30,2015-08-21,58M-411,2006-07-21,70977.735864975,1416.85490862785
39,4854,HYDRO CORRIDOR (HYDRO),OTHER,HYDRO CORRIDOR,MINOR,1824,BLEAMS RD,KITCHENER,2008-02-21,2015-08-21,OPERATIONS,2008-02-22,43856.97267583,2361.90212187314
40,2328,CONCORDIA PARK,NEIGHBOURHOOD PARK,PLAY AREA,MINOR,250,AVALON PL,KITCHENER,2003-09-24,2015-08-21,OPERATIONS,2016-04-21,23282.36012746,1221.6772834222
41,2590,KUNTZ PARK,NEIGHBOURHOOD PARK,PLAY AREA,MINOR,290,LOOKOUT LANE,KITCHENER,2003-09-24,2016-03-16,OPERATIONS,2016-04-21,21889.02550773,1021.12642826519
42,2330,COUNTRYSIDE PARK,DISTRICT PARK,PLAY AREA,MINOR,175,COUNTRYSIDE CRES,KITCHENER,2003-09-24,2015-08-21,OPERATIONS,2016-04-21,24714.590611555,688.162386703274
43,2325,ALPINE PARK,NEIGHBOURHOOD PARK,MINOR SPORTSFIELD,MINOR,175,KINGSWOOD DR,KITCHENER,2003-09-24,2015-08-21,OPERATIONS,2016-04-21,9839.082112195,680.075930934136
44,2380,CHARLES BEST PARK,NEIGHBOURHOOD PARK,PLAY AREA,LOCAL,104,STIRLING AVE S,KITCHENER,2003-09-24,2015-08-21,OPERATIONS,2016-04-21,6303.65734431,438.015182051794
45,2532,PIONEER TOWER NATURAL AREA,NATURAL AREA,OPEN SPACE,LOCAL,,LOOKOUT LANE,KITCHENER,2003-09-24,2016-03-16,OPERATIONS,2016-04-21,166684.64237736,2208.95130215573
46,5586,TILT TRAIL,GREENWAY,OPEN SPACE/TRAIL,MINOR,,TILT DR,KITCHENER,2011-04-25,2013-02-20,58M-502,2010-09-14,9537.187728845,1035.0519580433
47,5503,DETWEILER NATURAL AREA,NATURAL AREA,OPEN SPACE,MINOR,,WESTFOREST TRAIL,KITCHENER,2010-09-19,2014-05-07,OPERATIONS,2016-04-21,99919.889588035,4117.69711400386
48,5417,ROBERT FERRIE DR - SWP AT NEW DUNDEE RD,OPEN SPACE,OPEN SPACE/SWM,LOCAL,,ROBERT FERRIE DR,KITCHENER,2010-07-13,2015-09-01,30T-07202,2009-11-04,5413.79032069,296.180993512277
49,3302,EDEN OAK PARK,NEIGHBOURHOOD PARK,UNKNOWN,LOCAL,,EDEN OAK TRAIL,KITCHENER,2005-11-22,2015-09-01,OPERATIONS,2013-06-08,17502.3115955,549.189716945785
50,5492,EASTFOREST PARK NATURAL AREA,NATURAL AREA,OPEN SPACE/WOODLOT,MINOR,140,EASTFOREST TRAIL,KITCHENER,2010-09-19,2014-05-07,OPERATIONS,2016-04-21,12820.933807185,632.838425005121
51,2432,BLUE SPRING WOODS,NATURAL AREA,OPEN SPACE,MINOR,,KEEWATIN AVE,KITCHENER,2003-09-24,2014-05-07,OPERATIONS,2016-04-21,20797.44347581,693.971322949483
52,2498,DENLOW TRAIL,GREENWAY,OPEN SPACE/TRAIL,LOCAL,,OTTAWA ST,KITCHENER,2003-09-24,2014-05-07,OPERATIONS,2016-04-21,11287.76449631,1587.38485692309
53,7535,UNNAMED 96,OPEN SPACE,OPEN SPACE/TRAIL,LOCAL,,OLD ZELLER DR,KITCHENER,2015-01-23,2015-01-23,58M-566,2013-11-29,10532.871243365,885.95339566138
54,5613,UNNAMED 71,NEIGHBOURHOOD PARK,PLAY AREA,LOCAL,,PIONEER GROVE CRT,KITCHENER,2011-07-07,2015-09-01,58M-519,2011-03-28,703.81954079,113.950892748565
55,2437,BRIDGEPORT SPORTSFIELD (GRCA),OTHER,MAJOR SPORTSFIELD,MINOR,70,BRIDGE ST E,GRCA,2003-09-24,2015-08-21,OPERATIONS,2016-04-21,135963.34451465,1747.63373095461
56,5498,ERINBROOK PARK GREENWAY,GREENWAY,OPEN SPACE,MINOR,,ERINBROOK DR,KITCHENER,2010-09-19,2014-05-07,OPERATIONS,2016-04-21,9356.63676704,1122.59586512296
57,3649,JANINE ST PARK,NEIGHBOURHOOD PARK,PLAY AREA,MINOR,111,JANINE ST,KITCHENER,2006-05-23,2015-08-21,30T-00201,2006-02-24,1498.31887472,164.466989827528
58,2558,PINNACLE HILL NATURAL AREA,NATURAL AREA,OPEN SPACE,MINOR,,HOMER WATSON BLVD,KITCHENER,2003-09-24,2014-05-08,OPERATIONS,2016-04-21,247416.67204527,5269.27736880251
59,4038,JOSEPH SCHOERG PARK,NEIGHBOURHOOD PARK,PLAY AREA,MINOR,,JOSEPH SCHOERG CRES,KITCHENER,2006-08-21,2015-09-01,PLANNING,2016-04-21,13496.061784005,510.244038088775
60,2469,ERINBROOK PARK,NEIGHBOURHOOD PARK,PLAY AREA,MINOR,,ERINBROOK DR,KITCHENER,2003-09-24,2015-09-01,OPERATIONS,2016-04-21,21585.07436636,1014.32830866024
61,2557,PINEDALE PARK,NEIGHBOURHOOD PARK,PLAY AREA,LOCAL,,PINEDALE DR,KITCHENER,2003-09-24,2015-09-01,OPERATIONS,2016-04-21,5377.41461414,493.124245128463
62,5537,TILT TRAIL PARK AND GREENWAY,GREENWAY,UNKNOWN,LOCAL,,ELMBANK TRAIL,KITCHENER,2010-09-19,2015-08-07,58M-570,2014-01-06,12218.22602086,901.126483425931
63,6996,UNNAMED 6,GREENWAY,OPEN SPACE,MINOR,,NYBERG ST,KITCHENER,2014-03-13,2014-05-07,OPERATIONS,2013-03-13,1945.33678587,339.857737967262
64,5523,KUNTZ PARK NATURAL AREA,NATURAL AREA,OPEN SPACE,MINOR,,LOOKOUT LANE,KITCHENER,2010-09-19,2014-05-12,OPERATIONS,2016-04-21,13281.09233021,820.553868091478
65,5296,HENRY STURM GREENWAY - RESURRECTION,GREENWAY,OPEN SPACE,MINOR,,WEST AVE,KITCHENER,2009-02-25,2014-05-12,OPERATIONS,2016-04-21,25510.546508865,989.489169365791
66,5521,IDLEWOOD PARK NATURAL AREA,NATURAL AREA,OPEN SPACE,MAJOR,,RIVER RD E,KITCHENER,2010-09-19,2014-05-12,OPERATIONS,2016-04-21,484303.51767925,7625.21081644568
67,6992,VICTORIA GREEN,GREEN,OPEN SPACE,MINOR,,DAVID ST,KITCHENER,2009-02-23,2014-05-12,OPERATIONS,2014-03-13,5730.080122035,414.035394117271
68,6998,UNNAMED 2,GREENWAY,OPEN SPACE,MINOR,,STIRLING AVE S,KITCHENER,2014-03-13,2014-05-12,OPERATIONS,2013-03-13,1782.856017605,260.967711475092
69,2520,IDLEWOOD CREEK,NATURAL AREA,OPEN SPACE,MINOR,,FAIRWAY RD N TO DAIMLER DR,KITCHENER/PRIVATE,2003-09-24,2016-02-22,OPERATIONS,2016-04-21,142248.77279085,4600.10031832101
70,5526,HUCK PARK NATURAL AREA,NATURAL AREA,OPEN SPACE,MINOR,,LYNNVALLEY CRES,KITCHENER,2010-09-19,2014-05-12,OPERATIONS,2016-04-21,12288.51579747,698.840314716833
71,2319,WILLOW GREEN,GREEN (PARKETTE),PASSIVE AREA,LOCAL,,STIRLING AVE S,KITCHENER,2003-09-24,2014-05-12,OPERATIONS,2016-04-21,440.75549791,97.276819520554
72,2391,BRIGADOON PARK,NEIGHBOURHOOD PARK,PLAY AREA,MINOR,,MAXWELL DR,KITCHENER,2003-09-24,2015-09-01,OPERATIONS,2016-04-21,23891.81395998,1075.79248020953
73,2584,MEINZINGER PARK  (MTO),NEIGHBOURHOOD PARK,MINOR SPORTSFIELD,LOCAL,,AVALON PL,PROVINCE OF ONTARIO,2003-09-24,2015-09-01,OPERATIONS,2016-04-21,24794.344836355,795.280681154517
74,5290,MIKE WAGNER GREEN,GREENWAY,OPEN SPACE,MINOR,,MILL ST,KITCHENER,2009-02-23,2014-05-12,OPERATIONS,2016-04-21,24068.240596775,2227.93108132591
75,2485,TILT'S BUSH,NATURAL AREA,OPEN SPACE/WOODLOT,MAJOR,,BLACK WALNUT DR,KITCHENER,2003-09-24,2015-02-12,OPERATIONS,2016-04-21,490773.822373965,7002.93789043909
76,2562,ROCKWAY GARDENS,CITY WIDE PARK,PARK,LOCAL,7,FLORAL CRES,KITCHENER,2010-09-19,2014-07-15,KPMP,2010-06-01,29043.20783445,2908.9215180304
77,2513,HEARTH GREEN,GREENWAY,OPEN SPACE,LOCAL,,ADMIRAL RD,KITCHENER,2003-09-24,2014-05-12,OPERATIONS,2016-04-21,13471.70885961,1198.84066674048
78,5544,HEARTHWOOD - SWP,NATURAL AREA,OPEN SPACE/HAZARD LAND,MINOR,,HEARTHWOOD DR,KITCHENER,2010-09-19,2015-02-12,OPERATIONS,2016-04-21,36842.47826961,906.215985204348
79,2517,LAURENTIAN WETLAND,NATURAL AREA,OPEN SPACE/WETLAND,MAJOR,,DAVID BERGEY DR,KITCHENER,2003-09-24,2015-02-12,OPERATIONS,2016-04-21,197853.929349855,2335.58163431314
80,2343,SCHNEIDER CREEK MANITOU GREENWAY,GREENWAY,OPEN SPACE,MINOR,,WABANAKI DR,KITCHENER,2003-09-24,2015-02-12,OPERATIONS,2016-04-21,76914.577995565,2067.97551641967
81,4706,FALLOWFIELD NATURAL AREA PARK,NATURAL AREA,OPEN SPACE/WOODLOT,LOCAL,,FALLVIEW CRT,KITCHENER,2007-02-08,2015-03-26,LEGAL NOTICE - TWO PARTS CONVEYED SEPARATELY,2011-06-09,21088.810902405,810.801120656036
82,5539,(HYDRO),OTHER,HYDRO CORRIDOR,MINOR,,GREEN WATER ST,KITCHENER/HYDRO,2010-09-19,2015-07-07,58M-570,2014-01-06,11508.35105602,751.274287883886
83,2452,CIVIC CENTRE PARK,NEIGHBOURHOOD PARK,PLAY AREA,LOCAL,101,QUEEN ST N,KITCHENER,2003-09-24,2015-05-06,OPERATIONS,2016-04-21,7492.75294911,493.748847888608
84,3027,WOODFIELD COURT WOODLAND,NATURAL AREA,OPEN SPACE/WOODLOT,MINOR,,WOODFIELD ST,KITCHENER,2005-01-31,2014-02-12,58M-262,2003-01-30,15658.802537935,636.26920166504
85,5831,UNNAMED 74,NATURAL AREA,OPEN SPACE/SWM,LOCAL,,BLOCK LINE RD,KITCHENER,2011-11-16,2013-12-16,58M-520,2011-06-06,4095.10756806,400.617557337258
86,5564,(HYDRO),OTHER,HYDRO CORRIDOR,MINOR,,THOMAS SLEE DR,KITCHENER/HYDRO,2010-11-24,2015-07-07,58M-487,2009-11-02,5709.612191835,348.376874821566
87,2442,RADCLIFFE PARK,NEIGHBOURHOOD PARK,PLAY AREA,MINOR,70,RADCLIFFE DR,KITCHENER,2003-09-24,2015-08-21,OPERATIONS,2016-04-21,17866.754722735,735.91154083135
88,5560,(HYDRO),OTHER,HYDRO CORRIDOR,MINOR,,THOMAS SLEE DR,KITCHENER/HYDRO,2010-11-24,2015-07-07,58M-487,2009-11-02,8316.091585245,465.166337510554
89,2445,THISTLE DOWN GREEN - SWP,NEIGHBOURHOOD PARK,OPEN SPACE/SWM,MINOR,,THISTLE DOWN DR.,KITCHENER,2003-09-24,2015-09-01,OPERATIONS,2016-04-21,12970.09859985,742.29350634926
90,4689,UNNAMED 72,NEIGHBOURHOOD PARK,PLAY AREA,LOCAL,,BLOCK LINE RD,KITCHENER,2007-02-06,2015-09-01,58M-520,2011-06-06,3910.586971945,330.017385745823
91,2384,BANKSIDE PARK,NEIGHBOURHOOD PARK,PLAY AREA,LOCAL,292,BANKSIDE DR,KITCHENER,2003-09-24,2015-08-21,OPERATIONS,2016-04-21,3790.01529603,287.081770532011
92,2301,SOUTHRIDGE PARK,NEIGHBOURHOOD PARK,PLAY AREA,LOCAL,1455,QUEENS BLVD,KITCHENER,2003-09-24,2015-08-21,OPERATIONS,2016-04-21,6584.37365338,333.253166463921
93,2307,FENWICK GREEN,GREEN (PARKETTE),PLAY AREA,LOCAL,140,FENWICK CRT,KITCHENER,2003-09-24,2015-08-21,OPERATIONS,2016-04-21,3141.822562265,289.327406448828
94,2287,CEDAR CREST PARK,NEIGHBOURHOOD PARK,PLAY AREA,MINOR,92,CEDAR CREST ST,KITCHENER,2003-09-24,2015-08-21,OPERATIONS,2016-04-21,6286.640931995,551.456830722291
95,2531,WHEATFIELD PARK,NEIGHBOURHOOD PARK,PLAY AREA,MINOR,103,WHEATFIELD CRES,KITCHENER,2003-09-24,2015-08-21,OPERATIONS,2016-04-21,13273.12333945,616.821090370841
96,2280,SPRINGWOOD PARK,NATURAL AREA,OPEN SPACE,MINOR,,WELLINGTON ST N,KITCHENER,2003-09-24,2014-05-07,OPERATIONS,2016-04-21,79498.52417089,1565.85389267482
97,5516,PIONEER PARK NATURAL AREA,NATURAL AREA,OPEN SPACE,MINOR,,GREEN VALLEY DR,KITCHENER,2010-09-19,2014-05-07,OPERATIONS,2016-04-21,4037.3528797,379.835281957253
98,2433,CHICOPEE PARK (GRCA),OTHER,MAJOR SPORTSFIELD,MAJOR,395,MORRISON RD,GRCA,2003-09-24,2014-05-07,OPERATIONS,2016-04-21,665048.51326898,6490.64890490859
99,5502,RADDATZ PARK NATURAL AREA,NATURAL AREA,OPEN SPACE,MINOR,,GAGE AVE,KITCHENER,2010-09-19,2015-07-31,OPERATIONS,2016-04-21,17212.60997957,870.512214930662
100,5522,MEINZINGER PARK NATURAL AREA,NATURAL AREA,OPEN SPACE,MINOR,,HOMER WATSON BLVD,KITCHENER,2010-09-19,2015-07-31,OPERATIONS,2016-04-21,61813.745304385,1895.36986196333
101,2305,WINDALE PARK,NEIGHBOURHOOD PARK,PLAY AREA,LOCAL,76,WINDALE CRES,KITCHENER,2003-09-24,2015-07-31,OPERATIONS AND BLOCK 44 58M-442 WR327110,2016-04-21,7145.21222896,649.018971644313
102,2440,VANIER PARK,NEIGHBOURHOOD PARK,PLAY AREA,MINOR,329,VANIER DR,KITCHENER,2003-09-24,2015-07-31,OPERATIONS,2016-04-21,14225.792679885,773.605751051812
103,6674,UNNAMED 79,OPEN SPACE,OPEN SPACE/SWM,LOCAL,,SEABROOK DR,KITCHENER,2013-12-09,2016-03-14,58M-562,2013-10-29,16032.43910355,563.498131206426
104,2572,UPPER CANADA PARK,NEIGHBOURHOOD PARK,PLAY AREA,MINOR,,PIONEER DR,KITCHENER,2003-09-24,2015-07-31,OPERATIONS,2016-04-21,24820.543646585,1093.29581529813
105,5562,DOON SOUTH CREEK NATURAL AREA,NATURAL AREA,OPEN SPACE,LOCAL,,GROH DR,KITCHENER,2010-11-24,2016-03-14,58M-487,2009-11-02,21280.51569316,964.298116231611
106,2457,WESTMOUNT DRAIN,GREENWAY,OPEN SPACE,LOCAL,,VICTORIA ST S,KITCHENER,2003-09-24,2014-05-07,OPERATIONS,2016-04-21,6532.965906685,755.903645962145
107,5496,DRYDEN NATURAL AREA,NATURAL AREA,OPEN SPACE,LOCAL,,COURTLAND AVE E,KITCHENER,2010-09-19,2014-05-07,OPERATIONS,2016-04-21,3692.78237329,315.407228917179
108,4798,HOWE DR - SWP,NATURAL AREA,OPEN SPACE/SWM,MINOR,,HOWE DR,KITCHENER,2007-10-30,2014-02-12,BLOCK 45 58M-442 INSTRUMENT NO WR327110,2007-09-12,507.326253355,90.3115030398378
109,2300,ROSENBERG PARK,DISTRICT PARK,MAJOR SPORTSFIELD,MINOR,301,HERITAGE DR,KITCHENER,2003-09-24,2014-05-07,OPERATIONS,2016-04-21,48896.680872825,957.805843419699
110,2382,SHANTZ PARK,NEIGHBOURHOOD PARK,PLAY AREA,MINOR,451,MANCHESTER RD,KITCHENER,2003-09-24,2014-05-07,OPERATIONS,2016-04-21,9978.835412795,563.192380480608
111,5459,UNNAMED 45,NEIGHBOURHOOD PARK,UNKNOWN,LOCAL,,THOMAS SLEE DR,KITCHENER,2010-08-22,2015-08-25,58M-584,2015-06-26,4360.211644675,270.506133362496
112,8554,TOPPER WOODS CRES - SWP,OPEN SPACE,OPEN SPACE/SWM,MINOR,,TOPPER WOODS CRES,KITCHENER,2015-08-28,2015-08-28,58M-395,2006-04-25,8664.007548755,519.277211691143
113,5500,MILLWOOD PARK NATURAL AREA,NATURAL AREA,OPEN SPACE,MINOR,,MILLWOOD CRES,KITCHENER,2010-09-19,2014-05-07,OPERATIONS,2016-04-21,15646.834412745,717.231922477552
114,2506,MIDLAND PARK,NEIGHBOURHOOD PARK,PLAY AREA,MINOR,39,MIDLAND DR,KITCHENER,2003-09-24,2014-05-07,OPERATIONS,2016-04-21,20361.056034775,631.081770170397
115,2471,MOTZ GREEN,GREEN (PARKETTE),PLAY AREA,MINOR,,FAIRWAY RD S,KITCHENER,2003-09-24,2014-05-07,OPERATIONS,2016-04-21,3541.844844285,391.206643603195
116,5567,DOON CREEK NATURAL AREA,NATURAL AREA,OPEN SPACE/FLOODPLAIN,MINOR,,FOREST CREEK DR,KITCHENER,2010-11-24,2015-08-28,58M-502,2010-09-14,11033.39365386,686.739963876274
117,2359,KOLB PARK,NATURAL AREA,OPEN SPACE,MINOR,1765,CENTENNIAL CRT,KITCHENER,2003-09-24,2014-05-07,OPERATIONS,2016-04-21,87194.015822565,1905.75305397112
118,2284,ARNOLD PARK,GREEN (PARKETTE),PLAY AREA,LOCAL,70,ARNOLD ST,KITCHENER,2003-09-24,2015-07-31,OPERATIONS,2016-04-21,1874.97999887,294.922899119935
119,2285,BRUBACHER PARK,GREEN (PARKETTE),PLAY AREA,LOCAL,65,BRUBACHER ST,KITCHENER,2003-09-24,2014-05-07,OPERATIONS,2016-04-21,646.55389094,105.304714510452
120,2365,UNION LANE GREEN,GREEN (PARKETTE),OPEN SPACE,LOCAL,220,UNION LANE,KITCHENER,2003-09-24,2014-05-07,OPERATIONS,2016-04-21,4244.51759265,586.971468761119
121,5486,SCHNEIDER CREEK MANITOU NATURAL AREA,NATURAL AREA,OPEN SPACE,MINOR,,WABANAKI DR,KITCHENER,2010-09-19,2014-05-07,OPERATIONS,2016-04-21,78137.344384775,1329.18437550563
122,3271,ABRAM STAUFFER GREEN,GREEN,PASSIVE AREA,MINOR,,TILT DR,KITCHENER,2005-08-31,2014-05-07,OPERATIONS,2005-01-31,3602.010732715,252.604347871316
123,2451,KESTREL STREET - SWP,NATURAL AREA,OPEN SPACE/HAZARD LAND,LOCAL,,KESTREL ST,KITCHENER,2003-09-24,2014-05-07,OPERATIONS,2016-04-21,24871.543443635,1225.05046870708
124,2281,VOISIN GREENWAY,GREENWAY,OPEN SPACE/SWM,MINOR,,STONYBROOK DR,KITCHENER,2003-09-24,2014-05-07,OPERATIONS,2016-04-21,33138.28856431,4254.92185441457
125,2352,HYDRO CORRIDOR (HYDRO),OTHER,HYDRO CORRIDOR,LOCAL,,FRANKLIN ST N,HYDRO,2003-09-24,2014-05-07,OPERATIONS,2016-04-21,9612.103679715,692.294111269775
126,3232,COUNTRYSTONE PARK,NEIGHBOURHOOD PARK,PLAY AREA,MINOR,1086,COUNTRYSTONE DR,KITCHENER,2005-07-05,2015-07-31,PARK LAND DEDICATION WR123673,2005-06-21,16255.08955327,734.897840572939
127,2371,ARROWHEAD PARK,NEIGHBOURHOOD PARK,PLAY AREA,LOCAL,116,ARROWHEAD CRES,KITCHENER,2003-09-24,2015-08-23,OPERATIONS,2016-04-21,8784.50627447,524.127453250504
128,2654,ELM TREE GREEN,GREEN,PASSIVE AREA,MINOR,,TRILLIUM DR,KITCHENER,2010-09-19,2014-05-07,OPERATIONS,2005-02-18,935.21274241,121.061282404289
129,2524,VETERANS' PARK,NEIGHBOURHOOD PARK,PLAY AREA,MINOR,75,LORNE CRES,KITCHENER,2003-09-24,2015-08-23,OPERATIONS,2016-04-21,2965.193039245,222.680272939321
130,5349,THOMAS SLEE PARK,NEIGHBOURHOOD PARK,PLAY AREA,LOCAL,331,THOMAS SLEE DR,KITCHENER,2010-01-14,2015-08-23,LANDSCAPE PLAN,2012-07-27,5577.978420305,361.938600949359
131,5505,WILLOWLAKE PARK GREENWAY,GREENWAY,OPEN SPACE,MINOR,,MILL PARK DR,KITCHENER/GRCA,2010-09-19,2014-05-07,OPERATIONS,2016-04-21,81418.53836458,2186.51024619339
132,2507,RANDERSON GREEN,GREEN (PARKETTE),PASSIVE AREA,LOCAL,,RANDERSON AVE,KITCHENER,2003-09-24,2014-05-07,OPERATIONS,2016-04-21,1589.462481115,161.866582991774
133,2537,AUTUMN RIDGE TRAIL LINK,GREENWAY,OPEN SPACE/TRAIL,LOCAL,,PINNACLE DR,KITCHENER,2003-09-24,2014-05-07,OPERATIONS,2016-04-21,2443.53799396,563.669186732269
134,2367,HART GREEN,GREEN (PARKETTE),PASSIVE AREA,LOCAL,,HARTWOOD PL,KITCHENER,2003-09-24,2014-05-07,OPERATIONS,2016-04-21,2749.61270145,203.17244481454
135,2455,MICHEL GREEN,GREEN (PARKETTE),PASSIVE AREA,LOCAL,,CHARLES ST E,KITCHENER,2003-09-24,2014-05-07,OPERATIONS,2016-04-21,274.33718425,87.4556269669491
136,3287,ZELLER PARK,NEIGHBOURHOOD PARK,PLAY AREA,LOCAL,245,ZELLER DR,KITCHENER,2005-11-15,2015-07-31,58M-364,2005-08-18,23526.87210754,823.850119969276
137,2515,FOREST WEST PARK,NEIGHBOURHOOD PARK,PLAY AREA,MINOR,155,HIGHVIEW DR,KITCHENER,2003-09-24,2015-07-31,OPERATIONS,2016-04-21,39533.96426064,1389.84158644392
138,2324,GREENFIELD PARK,GREEN (PARKETTE),PLAY AREA,LOCAL,525,GREENFIELD AVE,KITCHENER,2003-09-24,2015-08-23,OPERATIONS,2016-04-21,8081.9586024,363.773945961487
139,5597,TILT TRAIL,GREENWAY,OPEN SPACE/TRAIL,MINOR,,TILT DR,KITCHENER,2011-04-25,2013-02-20,58M-324,2016-04-21,993.72351797,415.01518867187
140,2298,OVERLEA PARK,NEIGHBOURHOOD PARK,PLAY AREA,LOCAL,25,OVERLEA CRT,KITCHENER,2003-09-24,2015-08-23,OPERATIONS,2016-04-21,6700.30229102,339.764639908161
141,5515,SPRINGDALE GREEN NATURAL AREA,NATURAL AREA,OPEN SPACE,LOCAL,,SPRINGDALE DR,KITCHENER,2010-09-19,2014-05-07,OPERATIONS,2016-04-21,8696.72159731,601.904769025645
142,5507,FILSINGER PARK NATURAL AREA,NATURAL AREA,OPEN SPACE,MINOR,,VICTORIA ST S,KITCHENER,2010-09-19,2014-05-07,OPERATIONS,2016-04-21,12274.28812384,569.062565685795
143,2429,MARISA PARK,NEIGHBOURHOOD PARK,PLAY AREA,LOCAL,201,BRIDGE ST E,KITCHENER,2003-09-24,2015-07-31,OPERATIONS,2016-04-21,8086.98040041,615.178795550244
144,3049,BALZER GREENWAY EAST,GREENWAY,OPEN SPACE,MINOR,,COUNTRY HILL DR,KITCHENER,2005-02-18,2014-05-07,OPERATIONS,2016-04-21,6776.561104255,1415.30402705278
145,2385,DETWEILER PARK,NEIGHBOURHOOD PARK,PLAY AREA,MINOR,471,WESTFOREST TRAIL,KITCHENER,2003-09-24,2015-08-23,OPERATIONS,2016-04-21,9387.21157638,623.631733216007
146,2297,MAJOR PARK,NEIGHBOURHOOD PARK,PLAY AREA,LOCAL,330,BREITHAUPT ST,KITCHENER,2003-09-24,2015-08-23,OPERATIONS,2016-04-21,3911.697494995,252.069726339109
147,2512,FILSINGER PARK,NEIGHBOURHOOD PARK,PLAY AREA,MINOR,805,VICTORIA ST S,KITCHENER,2003-09-24,2015-08-23,OPERATIONS,2016-04-21,30603.56462801,771.673263402199
148,2405,TIMM PARK,NEIGHBOURHOOD PARK,PLAY AREA,MINOR,360,GAGE AVE,KITCHENER,2003-09-24,2015-08-23,OPERATIONS,2016-04-21,11128.982227835,452.052317781824
149,2356,BEECHCROFT PLACE - SWP,NATURAL AREA,OPEN SPACE,LOCAL,,BEECHCROFT PL,KITCHENER,2003-09-24,2014-05-07,OPERATIONS,2016-04-21,1743.740463215,271.941138828033
150,2294,HOFSTETTER PARK,NEIGHBOURHOOD PARK,PLAY AREA,MINOR,40,HOFSTETTER AVE,KITCHENER,2003-09-24,2015-08-23,OPERATIONS,2016-04-21,26196.61237477,675.561829618409
151,5371,VETERANS' GREEN INTERPRETIVE AREA,GREEN,PASSIVE AREA,LOCAL,,SPADINA RD E,KITCHENER,2010-03-15,2014-05-07,PLANNING,2010-02-10,285.27926831,78.1157088338913
152,2331,KINGSDALE PARK,NEIGHBOURHOOD PARK,PLAY AREA,MINOR,124,CEDARWOODS CRES,KITCHENER,2003-09-24,2014-05-07,OPERATIONS,2016-04-21,12580.892295985,650.941160258861
153,5506,SPRINGMOUNT PARK NATURAL AREA,NATURAL AREA,OPEN SPACE,MINOR,,EDENBRIDGE DR,KITCHENER,2010-09-19,2014-05-07,OPERATIONS,2016-04-21,134654.19714153,4204.82192809374
154,2415,SCHARLACH GREEN,GREEN (PARKETTE),PASSIVE AREA,LOCAL,,BELMONT AVE W,KITCHENER,2003-09-24,2014-05-07,OPERATIONS,2016-04-21,276.479160525,70.1511649690396
155,2488,ACTIVA SPORTSPLEX NATURAL AREA,NATURAL AREA,OPEN SPACE,MINOR,,HANSON AVE,KITCHENER,2010-09-19,2014-05-13,OPERATIONS,2016-04-21,19771.280068275,606.99135511932
156,2447,BATTLER ROAD - SWP,NATURAL AREA,OPEN SPACE/HAZARD LAND,MINOR,,BATTLER RD,KITCHENER,2003-09-24,2014-05-30,OPERATIONS,2016-04-21,19242.495923565,676.02031855889
157,8512,BLAIR CREEK - SWP#D,NATURAL AREA,OPEN SPACE/SWM,LOCAL,,BLAIR CREEK DR,KITCHENER,2015-08-24,2015-08-28,58M-583,2015-06-11,7557.33002437,433.463584771236
158,4016,WESTMEADOW PARK NATURAL AREA,NATURAL AREA,OPEN SPACE,LOCAL,,WESTMEADOW DR,KITCHENER,2010-09-19,2015-07-31,KPMP,2010-06-01,28709.079248945,1184.95036839694
159,2278,OLD MILL GREEN,NATURAL AREA,OPEN SPACE,LOCAL,,OLD MILL RD,KITCHENER,2003-09-24,2014-05-07,OPERATIONS,2016-04-21,6972.321703255,578.88061318323
160,5454,BLAIR CREEK - SWP#C,NATURAL AREA,OPEN SPACE/SWM,LOCAL,,BLAIR CREEK DR,KITCHENER,2010-08-22,2015-08-28,58M-584,2015-06-26,22592.87628007,684.724213258535
161,2567,CHICOPEE-VALE TRAIL,NATURAL AREA,OPEN SPACE,MINOR,,GRAND RIVER BLVD,KITCHENER,2003-09-24,2014-05-07,OPERATIONS,2016-04-21,46705.597929695,2336.36433596545
162,3071,PROSPERITY TRAIL,GREENWAY,OPEN SPACE/TRAIL,MINOR,,PROSPERITY DR,KITCHENER,2005-02-18,2014-05-07,OPERATIONS,2005-02-18,10486.785762795,1005.10041760044
163,2321,STECKLE WOODS,NATURAL AREA,OPEN SPACE/WOODLOT,MAJOR,,BLEAMS RD,KITCHENER,2003-09-24,2014-05-07,OPERATIONS,2016-04-21,300532.79034224,2342.12991778571
164,2407,GILDNER GREEN,GREEN (PARKETTE),PASSIVE AREA,LOCAL,29,EDEN AVE,KITCHENER/REGION,2003-09-24,2014-05-07,OPERATIONS,2016-04-21,4356.478255715,431.707284352126
165,2390,BRIARFIELD PARK,NATURAL AREA,OPEN SPACE,MINOR,,BRIARFIELD ST,KITCHENER,2003-09-24,2014-05-07,OPERATIONS,2016-04-21,32683.236374245,850.786900046518
166,2401,ARGYLE PARK,GREEN (PARKETTE),PLAY AREA,LOCAL,80,ARGYLE ST,KITCHENER,2003-09-24,2015-08-23,OPERATIONS,2016-04-21,2273.290800395,219.281720693703
167,2393,FORFAR PARK,NEIGHBOURHOOD PARK,PLAY AREA,LOCAL,80,FORFAR AVE,KITCHENER,2003-09-24,2015-08-23,OPERATIONS,2016-04-21,6786.87177633,365.506831119254
168,2274,BROOK GREEN,GREEN (PARKETTE),PASSIVE AREA,LOCAL,,QUEENS BLVD,KITCHENER,2003-09-24,2014-05-07,OPERATIONS,2016-04-21,1930.123303845,182.817688560662
169,2348,CARISBROOK DRIVE NATURAL AREA,NATURAL AREA,OPEN SPACE,MINOR,,CARISBROOK DRIVE,KITCHENER,2003-09-24,2015-05-21,OPERATIONS,2016-04-21,115347.941048085,1433.01401564362
170,2288,CHANDLER PARK,NEIGHBOURHOOD PARK,PLAY AREA,LOCAL,222,CHANDLER DR,KITCHENER,2003-09-24,2014-05-07,OPERATIONS,2016-04-21,8416.24325069,408.463087592553
171,5312,BRITTANIA CRES - SWP,NATURAL AREA,OPEN SPACE/SWM,MINOR,,BRITTANIA CRES,KITCHENER,2009-04-19,2014-01-11,58M-471,2008-12-12,9032.879060105,439.941996266328
172,5542,OLD HURON COURT - SWP,NATURAL AREA,OPEN SPACE/HAZARD LAND,MINOR,,OLD HURON CRT,KITCHENER,2010-09-19,2015-05-21,OPERATIONS,2016-04-21,916.55095941,121.190660453475
173,2292,FOREST HILL PARK,NEIGHBOURHOOD PARK,MINOR SPORTSFIELD,MINOR,330,VILLAGE RD,KITCHENER,2003-09-24,2015-08-23,OPERATIONS,2016-04-21,24537.22249911,969.989816831577
174,2286,CASEY PARK,NEIGHBOURHOOD PARK,PLAY AREA,LOCAL,50,CASEY DR,KITCHENER,2003-09-24,2015-08-23,OPERATIONS,2016-04-21,8987.932981485,440.298422852259
175,2511,SPRINGMOUNT PARK,NEIGHBOURHOOD PARK,PLAY AREA,MINOR,27,SPRINGMOUNT DR,KITCHENER,2003-09-24,2015-08-23,OPERATIONS,2016-04-21,18718.125398545,1298.2025338775
176,5545,SCHNEIDER CREEK PARK NATURAL AREA,NATURAL AREA,OPEN SPACE,MINOR,,GREEN VALLEY DR,REGION,2010-09-19,2014-05-07,OPERATIONS,2016-04-21,27451.10190365,715.29337384674
177,2963,WOOLNER WOODS,NATURAL AREA,OPEN SPACE/WOODLOT,MINOR,,WOOLNER DR,KITCHENER,2005-01-31,2014-05-07,OPERATIONS,2005-01-31,35362.181378265,755.461863495002
178,5535,STAUFFER COMMUNITY PARK,NATURAL AREA,OPEN SPACE/WOODLOT,MINOR,,STAUFFER DR,KITCHENER,2010-09-19,2013-02-20,KPMP,2010-06-01,62559.074006985,1108.53609553313
179,3622,SIMS SWP,NATURAL AREA,OPEN SPACE/HAZARD LAND,LOCAL,,SIMS ESTATE DR,KITCHENER,2006-04-07,2014-05-07,PLANNING,2016-04-21,6959.900587345,386.596169911514
180,2338,LORILEE PARK,NATURAL AREA,OPEN SPACE,MINOR,,LORILEE CRES,KITCHENER,2003-09-24,2014-05-07,OPERATIONS,2016-04-21,17964.28793906,651.559505071978
181,5494,TRAILVIEW PARK NATURAL AREA,NATURAL AREA,OPEN SPACE/WOODLOT,MINOR,,TRAILVIEW DRIVE,KITCHENER,2010-09-19,2014-05-07,OPERATIONS,2016-04-21,19258.102300515,774.417139915968
182,2481,ROLLING MEADOWS PARK,NEIGHBOURHOOD PARK,PLAY AREA,MINOR,200,ROLLING MEADOWS DR,KITCHENER,2003-09-24,2014-05-07,OPERATIONS,2016-04-21,14337.815005325,724.62506035283
183,2530,OLD HURON GREEN,GREEN,PASSIVE AREA,LOCAL,,BIEHN DR & OLD HURON PL,KITCHENER,2003-09-24,2014-05-07,OPERATIONS,2016-04-21,12181.01851063,1294.01825070316
184,2289,CLOVERDALE PARK,NEIGHBOURHOOD PARK,PLAY AREA,MINOR,45,BIRCHCLIFF AVE,KITCHENER,2003-09-24,2014-05-07,OPERATIONS,2016-04-21,20199.67997864,730.530382259037
185,2499,EXPRESSWAY TRAIL,GREENWAY,OPEN SPACE/TRAIL,LOCAL,,KRUG ST TO BURBANK RD,KITCHENER,2003-09-24,2014-05-07,OPERATIONS,2016-04-21,9167.55284917,1810.54952368313
186,2553,GREENBROOK PUMPING STATION,NEIGHBOURHOOD PARK,PLAY AREA-LIMITED ACCESS,MINOR,20,GREENBROOK DRIVE,KITCHENER,2003-09-24,2014-05-07,OPERATIONS,2016-04-21,42409.834529435,867.826085279238
187,2483,STANLEY PARK OPTIMIST NATURAL AREA,NATURAL AREA,OPEN SPACE/TRAIL,MAJOR,2500,VICTORIA ST N,KITCHENER,2003-09-24,2014-05-07,OPERATIONS,2016-04-21,179525.141604345,3883.45596396874
188,2355,NORTHFOREST PARK,NEIGHBOURHOOD PARK,PLAY AREA,LOCAL,90,NORTHFOREST TRAIL,KITCHENER,2003-09-24,2015-08-23,OPERATIONS,2016-04-21,8471.512761075,697.225739372857
189,2323,STRASBURG WOODS,NATURAL AREA,OPEN SPACE/WOODLOT,MINOR,,STRASBURG RD,KITCHENER,2003-09-24,2014-05-07,OPERATIONS,2016-04-21,25391.47489324,969.843603985619
190,5510,SETTLERS GROVE PARK NATURAL AREA,NATURAL AREA,OPEN SPACE,MINOR,,PIONEER TOWER RD,KITCHENER,2010-09-19,2015-07-31,OPERATIONS,2016-04-21,37969.598894305,1769.40430285028
191,5488,BRIDGEPORT TRAIL NATURAL AREA,NATURAL AREA,OPEN SPACE/TRAIL,LOCAL,,TYSON DR,KITCHENER,2010-09-19,2014-05-07,OPERATIONS,2016-04-21,13254.203249045,1018.21856590639
192,5533,MAX BECKER COMMON,GREEN (COMMONS),PLAY AREA,LOCAL,300,MAX BECKER DR,KITCHENER,2010-09-19,2015-08-23,KPMP,2010-06-01,16590.742505415,659.102051818929
193,3648,RIVER BIRCH PARK,NEIGHBOURHOOD PARK,PLAY AREA,LOCAL,900,RIVER BIRCH CRT,KITCHENER,2010-09-19,2015-08-23,PLANNING,2016-04-21,72703.796147095,1697.33627089433
194,5234,BEAUMONT PARK,NEIGHBOURHOOD PARK,PLAY AREA,LOCAL,345,BEAUMONT CRES,KITCHENER,2008-07-07,2015-08-23,58M-454,2008-04-18,3007.049498265,216.755370493952
195,5528,HENRY STURM GREENWAY - RESURRECTION NATURAL AREA,NATURAL AREA,OPEN SPACE,MINOR,,WEST AVE,KITCHENER,2010-09-19,2014-05-07,OPERATIONS,2016-04-21,24818.77549072,1008.81140228046
196,2548,LACKNER WOODS SWP,NATURAL AREA,OPEN SPACE/SWM,MINOR,621,LACKNER BLVD,KITCHENER,2003-09-24,2014-05-07,OPERATIONS,2005-02-18,15886.64321912,511.784660099537
197,2411,MADISON GREEN,GREEN (PARKETTE),PASSIVE AREA,LOCAL,65,MADISON AVE N,KITCHENER,2003-09-24,2014-05-07,OPERATIONS,2016-04-21,159.9633349,62.6320923589823
198,2375,WOODSIDE PARK,DISTRICT PARK,MAJOR SPORTSFIELD,MINOR,115,WOODSIDE AVE,KITCHENER,2003-09-24,2014-05-07,OPERATIONS,2016-04-21,30121.4877794,745.478790760135
199,2306,DURHAM GREEN,GREEN,PASSIVE AREA,LOCAL,,DURHAM ST,KITCHENER,2003-09-24,2014-05-07,OPERATIONS,2016-04-21,612.61624913,101.149623114149
200,5482,CEDAR CREST PARK NATURAL AREA,NATURAL AREA,OPEN SPACE,MINOR,,CEDAR CREST ST,KITCHENER,2010-09-19,2014-05-07,OPERATIONS,2016-04-21,4548.86762482,425.099798562632
201,2279,MAPLE LANE GREEN,GREEN (PARKETTE),PASSIVE AREA,LOCAL,,BREITHAUPT ST,KITCHENER,2003-09-24,2014-05-07,OPERATIONS,2016-04-21,145.54172035,48.7471192651003
202,2417,STABLER GREEN,GREEN (PARKETTE),PASSIVE AREA,LOCAL,115,WEBER ST E,KITCHENER,2003-09-24,2014-05-07,OPERATIONS,2016-04-21,416.035367895,95.7290685972734
203,2465,EVERGLADE SWM,NATURAL AREA,OPEN SPACE/HAZARD LAND,MINOR,,EVERGLADE CRES,KITCHENER,2003-09-24,2014-05-07,OPERATIONS,2016-04-21,11173.210204005,624.761660189971
204,2560,SCHNEIDER CREEK PARK,NEIGHBOURHOOD PARK,PLAY AREA,MINOR,40,GREEN VALLEY DR,REGION,2003-09-24,2014-05-07,OPERATIONS,2016-04-21,7105.295571035,386.223819858815
205,2402,HERITAGE PARK,NEIGHBOURHOOD PARK,PLAY AREA,MINOR,30,HALIFAX DR,KITCHENER,2003-09-24,2015-07-31,OPERATIONS,2016-04-21,27435.59507819,935.601379825502
206,2495,TRAYNOR PARK,NEIGHBOURHOOD PARK,PLAY AREA,MINOR,345,TRAYNOR AVE,KITCHENER/HYDRO,2003-09-24,2015-07-31,OPERATIONS,2016-04-21,11765.63912535,556.888926520978
207,2543,FILSINGER PARK WEST,NATURAL AREA,OPEN SPACE,MINOR,,WESTMOUNT RD W,KITCHENER,2003-09-24,2014-05-07,OPERATIONS,2016-04-21,75300.83198212,1481.23600843622
208,2413,MARKET GREEN,GREEN (PARKETTE),PASSIVE AREA,LOCAL,31,SCOTT ST,KITCHENER,2003-09-24,2014-05-07,OPERATIONS,2016-04-21,1071.302040655,135.717392421634
209,2421,STRASBURG SWP,NATURAL AREA,OPEN SPACE,MAJOR,,STRASBURG RD,KITCHENER,2003-09-24,2014-05-07,OPERATIONS,2016-04-21,10324.082172895,966.402721295624
210,5495,BATTLER ROAD - GREENWAY,GREENWAY,OPEN SPACE,MINOR,,BATTLER RD,KITCHENER,2010-09-19,2014-05-07,OPERATIONS,2016-04-21,851.86673651,173.058382537559
211,2369,VOGELSANG GREEN,GREEN (PARKETTE),PASSIVE AREA,LOCAL,15,DUKE ST E,FEDERAL GOVERNMENT,2003-09-24,2014-05-07,OPERATIONS,2016-04-21,822.02674381,117.292499881364
212,5519,WILSON PARK NATURAL AREA,NATURAL AREA,OPEN SPACE/WOODLOT,MINOR,,WILSON AVE,KITCHENER,2010-09-19,2014-05-07,OPERATIONS,2016-04-21,57418.54832053,1336.84566233116
213,2554,BECHTEL PARK (MTO),NATURAL AREA,OPEN SPACE,MINOR,,SPRINGDALE DR,PROVINCE OF ONTARIO,2003-09-24,2014-05-07,OPERATIONS,2016-04-21,147536.50651402,1927.41781180909
214,2518,DAIMLER DR WALKWAY,GREENWAY,OPEN SPACE,LOCAL,,DAIMLER DR,KITCHENER,2003-09-24,2014-05-07,OPERATIONS,2016-04-21,5364.65580753,872.874834373475
215,2589,HOMER WATSON PARK (GRCA),NATURAL AREA,OPEN SPACE,MAJOR,14,MILL PARK DR,GRCA,2003-09-24,2014-05-07,OPERATIONS,2016-04-21,61779.659394195,1571.19668328386
216,2376,PETER HALLMAN BALLYARD HALLMAN BALLYARD,GREENWAY,OPEN SPACE,MINOR,54,MILL ST,KITCHENER,2010-09-19,2014-05-07,OPERATIONS,2016-04-21,39066.19950988,2378.20169584847
217,6673,SEABROOK PARK,NEIGHBOURHOOD PARK,PLAY AREA,LOCAL,190,SEABROOK DR,KITCHENER,2013-12-09,2016-03-14,58M-562,2013-10-29,2789.878973005,207.779872846342
218,5565,TILT TRAIL,GREENWAY,OPEN SPACE/TRAIL,MINOR,,GROH DR,KITCHENER,2010-11-24,2016-03-14,58M-488,2005-10-18,369.80768933,157.978960707527
219,6672,UNNAMED 78,NEIGHBOURHOOD PARK,PARK,LOCAL,,SEABROOK DR,KITCHENER,2013-12-09,2016-03-14,58M-563,2013-10-29,1995.85877718,212.188074936259
220,2373,ADMIRAL PARK,NEIGHBOURHOOD PARK,PLAY AREA,LOCAL,93,ROXBOROUGH AVE,KITCHENER,2003-09-24,2014-05-07,OPERATIONS,2016-04-21,6552.20481054,534.81362327054
221,2561,PIONEER PARK,NEIGHBOURHOOD PARK,PLAY AREA,MINOR,40,GREEN VALLEY DR,KITCHENER,2003-09-24,2014-05-07,OPERATIONS,2016-04-21,14392.738620925,959.218037359408
222,2571,SANDROCK GREENWAY,GREENWAY,OPEN SPACE,MINOR,,FISCHER HALLMAN RD TO ROYAL ORCHARD DR,KITCHENER,2003-09-24,2014-05-07,OPERATIONS,2016-04-21,61847.86589308,4296.91417155978
223,5512,HIDDEN VALLEY PARK NATURAL AREA,NATURAL AREA,OPEN SPACE,MINOR,,HIDDEN VALLEY CRES,KITCHENER,2010-09-19,2014-05-07,OPERATIONS,2016-04-21,45320.98749845,2011.44366469392
224,5518,WESTWOOD PARK NATURAL AREA,NATURAL AREA,OPEN SPACE/WOODLOT,MINOR,,WESTWOOD DR,KITCHENER,2010-09-19,2014-05-07,OPERATIONS,2016-04-21,12504.750396015,672.877130734246
225,2534,HEARTHWOOD,NATURAL AREA,OPEN SPACE,MINOR,,HEARTHWOOD DR,KITCHENER,2003-09-24,2014-05-07,OPERATIONS,2016-04-21,11431.74736019,548.025347523491
226,2484,SUMMERSIDE WOODS PARK,NATURAL AREA,OPEN SPACE/WOODLOT,MINOR,,VICTORIA ST,KITCHENER,2003-09-24,2014-05-07,OPERATIONS,2016-04-21,33354.20068785,985.416134875254
227,5491,BRIGADOON PARK NATURAL AREA,NATURAL AREA,OPEN SPACE,MINOR,,MAXWELL DR,KITCHENER,2010-09-19,2014-05-07,OPERATIONS,2016-04-21,82121.92003216,1807.35532953141
228,2459,TRAIL LINK TO COUNTRYSIDE PARK,GREENWAY,OPEN SPACE,LOCAL,,ERINBROOK DR,KITCHENER,2003-09-24,2014-05-07,OPERATIONS,2016-04-21,806.663354005,131.640443758414
229,2295,JOE THOMPSON PARK,DISTRICT PARK,MAJOR SPORTSFIELD,MINOR,8,BRIDGE ST E,KITCHENER,2003-09-24,2014-05-07,OPERATIONS,2016-04-21,20252.156988395,744.977229701032
230,2570,MCLENNAN PARK,CITY WIDE PARK,PLAY AREA,MINOR,901,OTTAWA ST S,REGION,2003-09-24,2014-05-07,OPERATIONS,2016-04-21,375463.575726195,4640.22714945839
231,5543,GROVE DRIVE - SWP,NATURAL AREA,OPEN SPACE/HAZARD LAND,MINOR,,GROVE DR,KITCHENER,2010-09-19,2014-05-07,OPERATIONS,2016-04-21,3370.60829922,359.03433453871
232,2296,LAURENTIAN PARK (SCHOOL BOARD),OTHER,MINOR SPORTSFIELD,MINOR,715,LAURENTIAN DR,SCHOOL BOARD,2003-09-24,2014-05-07,OPERATIONS,2016-04-21,27296.968630845,661.122354763859
233,2519,GROVE DRIVE,GREENWAY,OPEN SPACE,MINOR,,GROVE DR,KITCHENER,2003-09-24,2014-05-07,OPERATIONS,2016-04-21,4355.88685278,633.908617717431
234,5508,FILSINGER PARK GREENWAY,GREENWAY,OPEN SPACE,MINOR,,WESTMOUNT RD W,KITCHENER,2010-09-19,2015-07-31,OPERATIONS,2016-04-21,105070.89755245,3627.53524860955
235,7534,TILT TRAIL,GREENWAY,OPEN SPACE/TRAIL,LOCAL,,ELMBANK TRAIL,KITCHENER,2015-09-23,2015-08-07,58M-570,2014-01-06,2853.218476855,663.750203065839
236,2479,QUEENSMOUNT PARK,DISTRICT PARK,MAJOR SPORTSFIELD,MINOR,1260,QUEENS BLVD,KITCHENER,2003-09-24,2014-05-07,OPERATIONS,2016-04-21,22960.888183985,811.356676721789
237,7333,UNNAMED 81,NEIGHBOURHOOD PARK,PLAY AREA,LOCAL,,WILLOWRUN DR,KITCHENER,2014-09-11,2015-08-07,58M-575,2014-08-12,3027.74454032,228.626613481046
238,2334,OATEN PARK,NEIGHBOURHOOD PARK,PLAY AREA,LOCAL,155,RUTHERFORD DR,KITCHENER,2003-09-24,2015-08-23,OPERATIONS,2016-04-21,7419.07570432,424.65572441683
239,2403,BELMONT PARK,NEIGHBOURHOOD PARK,PLAY AREA,MINOR,285,BELMONT AVE W,KITCHENER,2003-09-24,2015-08-23,OPERATIONS,2016-04-21,12875.938397745,667.931002571636
240,2478,PROSPECT PARK,NEIGHBOURHOOD PARK,PLAY AREA,MINOR,131,WILFRED AVE,KITCHENER,2003-09-24,2015-08-23,OPERATIONS,2016-04-21,18155.49336393,1033.55194916324
241,2332,KINZIE PARK,NEIGHBOURHOOD PARK,PLAY AREA,LOCAL,300,KINZIE AVE,KITCHENER,2003-09-24,2015-08-23,OPERATIONS,2016-04-21,2600.382601725,213.636641066914
242,2406,FRANCIS GREEN,GREEN (PARKETTE),PASSIVE AREA,LOCAL,399,KING ST W,KITCHENER,2003-09-24,2014-05-07,OPERATIONS,2016-04-21,1069.33100696,136.966965550171
243,5490,DETWEILER PARK NATURAL AREA,NATURAL AREA,OPEN SPACE,MINOR,,WESTFOREST TRAIL,KITCHENER,2010-09-19,2014-05-07,OPERATIONS,2016-04-21,3271.261192525,414.391684662302
244,2350,SCHAEFER PARK,NEIGHBOURHOOD PARK,PLAY AREA,MINOR,75,BLOOMINGDALE RD,KITCHENER,2003-09-24,2014-05-07,OPERATIONS,2016-04-21,30193.0089049,914.551237908168
245,2516,DRIFTWOOD PARK,NEIGHBOURHOOD PARK,MINOR SPORTSFIELD,MINOR,4,DRIFTWOOD DR,KITCHENER,2003-09-24,2014-05-07,OPERATIONS,2016-04-21,27178.002495235,961.355786513248
246,2277,ORCHARD MILL GREEN,GREEN (PARKETTE),PASSIVE AREA,LOCAL,,DOON VALLEY DR,KITCHENER,2003-09-24,2014-05-07,OPERATIONS,2016-04-21,1924.02226883,209.966484010267
247,2944,GENERALS GREEN,GREEN (PARKETTE),PASSIVE AREA,LOCAL,624,LANCASTER ST W,KITCHENER,2004-12-09,2014-05-07,OPERATIONS,2016-04-21,449.76321043,88.1150655899924
248,4847,WOOLWICH STREET WOODLOT,NATURAL AREA,OPEN SPACE/WOODLOT,LOCAL,,WOOLWICH ST,KITCHENER,2008-02-08,2013-02-20,58M-511,2010-12-02,16091.617316505,584.821224024299
249,2423,BALZER - MANITOU TRAIL,GREENWAY,OPEN SPACE,MINOR,,MANITOU DR,KITCHENER,2003-09-24,2014-05-07,OPERATIONS,2016-04-21,24491.495832535,1788.18351862633
250,5578,VETERANS' GREEN,GREEN,PASSIVE AREA,LOCAL,,SPADINA RD E,KITCHENER,2010-03-15,2014-05-07,PLANNING,2011-01-20,4227.94410873,469.754306189509
251,2549,LACKNER WOODS,NATURAL AREA,OPEN SPACE/WOODLOT,MINOR,621,LACKNER BLVD,KITCHENER,2003-09-24,2014-05-08,OPERATIONS,2016-04-21,309253.713659125,3492.58284326592
252,6995,UNNAMED 5,GREENWAY,OPEN SPACE,MINOR,,NYBERG ST,KITCHENER,2014-03-13,2014-05-08,OPERATIONS,2013-03-13,4859.45783974,396.643305162717
253,2547,BALZER GREENWAY,GREENWAY,OPEN SPACE,MINOR,,COUNTRY HILL DR,KITCHENER,2003-09-24,2014-05-08,OPERATIONS,2016-04-21,24506.526610245,1660.9441344239
254,2587,HOMER WATSON PARK (REGION),NATURAL AREA,OPEN SPACE,MAJOR,345,MILL PARK DR,REGION,2003-09-24,2014-05-07,OPERATIONS,2016-04-21,291528.366193525,2200.74238110012
255,2464,LIPS PARK,NEIGHBOURHOOD PARK,PLAY AREA,MINOR,187,LANCASTER ST W,KITCHENER,2003-09-24,2014-05-07,OPERATIONS,2016-04-21,13113.17287612,533.321660508698
256,2426,SHADYRIDGE WOODS,NATURAL AREA,OPEN SPACE,MINOR,,SHADYRIDGE PL,KITCHENER,2003-09-24,2014-05-07,OPERATIONS,2016-04-21,13509.922243515,1301.56857356689
257,2379,GLENDALE PARK,NEIGHBOURHOOD PARK,PLAY AREA,LOCAL,130,GLEN RD,KITCHENER,2003-09-24,2014-05-07,OPERATIONS,2016-04-21,3888.728005425,272.128258121798
258,2592,MORGAN PARK,NEIGHBOURHOOD PARK,PLAY AREA,MINOR,325,MORGAN AVE,KITCHENER,2003-09-24,2015-07-31,OPERATIONS,2016-04-21,21640.70104154,1074.65350832608
259,4852,MICHAEL DONNENWERTH PARK,NEIGHBOURHOOD PARK,PLAY AREA,LOCAL,94,ISAIAH DR,KITCHENER,2008-02-13,2015-08-23,OPERATIONS,2009-04-16,11744.24921547,707.259469594907
260,5283,DEER RIDGE PARK,NEIGHBOURHOOD PARK,PLAY AREA,MINOR,471,DEER RIDGE DR,KITCHENER,2008-10-27,2015-08-23,OPERATIONS,2008-08-15,16006.031524675,727.380933912415
261,5520,WINDRUSH PARK NATURAL AREA,NATURAL AREA,OPEN SPACE/TRAIL,MINOR,,WINDRUSH TRAIL,KITCHENER,2010-09-19,2014-07-15,OPERATIONS,2016-04-21,18178.92690464,1028.60268475096
262,2409,HOMEWOOD GREEN,GREEN (PARKETTE),PASSIVE AREA,LOCAL,,HOMEWOOD AVE,KITCHENER,2003-09-24,2015-07-31,OPERATIONS,2016-04-21,394.91702342,87.7201708446361
263,4834,PARKVALE PARK,NEIGHBOURHOOD PARK,PLAY AREA,LOCAL,275,PARKVALE DR,KITCHENER,2008-02-08,2015-08-23,OPERATIONS 2008 PARK AUDIT,2008-02-08,109299.295320885,1637.2679892822
264,6872,PARKVALE PARK UTILITY STATION,OPEN SPACE,PUMPING STATION,LOCAL,323,PARKVALE DR,KITCHENER,2014-02-13,2015-08-23,OPERATIONS 2008 PARK AUDIT,2008-02-08,34.972970045,23.9907695139362
265,2460,SCHNEIDER PARK,NATURAL AREA,OPEN SPACE,MINOR,,KING ST E,KITCHENER,2003-09-24,2014-05-07,OPERATIONS,2016-04-21,60082.32685168,2439.11483559454
266,6972,DOON VILLAGE GREEN,GREEN,HISTORIC SITE,MINOR,1252,DOON VILLAGE RD,KITCHENER,2014-03-12,2014-05-07,OPERATIONS,2014-03-12,5974.03236225,316.78234577505
267,5514,DOON VILLAGE NATURAL AREA,NATURAL AREA,OPEN SPACE,MINOR,1252,DOON VILLAGE RD,KITCHENER,2010-09-19,2014-05-07,OPERATIONS,2014-03-12,120784.23524178,3107.28051892366
268,2472,MORRISON PARK,NEIGHBOURHOOD PARK,PLAY AREA,MINOR,245,MORRISON RD,KITCHENER,2003-09-24,2014-05-07,OPERATIONS,2016-04-21,38156.73002039,2119.01118761619
269,2951,STRASBURG CREEK,NATURAL AREA,OPEN SPACE,MINOR,,HURON RD,KITCHENER,2005-01-31,2015-05-21,OPERATIONS,2005-01-31,247564.002386865,5348.2761824611
270,2487,WINIFRED WOODS,NATURAL AREA,OPEN SPACE/WOODLOT,MINOR,,WINIFRED PL,KITCHENER,2003-09-24,2014-05-07,OPERATIONS,2016-04-21,27060.049811065,1142.95401608007
271,5509,VETERANS' PARK GREENWAY,GREENWAY,OPEN SPACE,MINOR,,ST CLAIR AVE,KITCHENER,2010-09-19,2014-05-07,OPERATIONS,2016-04-21,9760.855512855,1143.21696840975
272,2383,BANCROFT STREET - SWP,NATURAL AREA,OPEN SPACE/HAZARD LAND,MINOR,,BANCROFT ST,KITCHENER,2003-09-24,2014-05-07,OPERATIONS,2016-04-21,3151.56743834,227.770668356373
273,2336,KNITTING MILL GREEN,GREEN (PARKETTE),PASSIVE AREA,LOCAL,71,MILL ST,KITCHENER,2003-09-24,2014-05-07,OPERATIONS,2016-04-21,410.272976625,85.742151486229
274,2565,NATCHEZ WOODS,NATURAL AREA,OPEN SPACE/WOODLOT,MINOR,,EBYDALE DR,KITCHENER,2003-09-24,2014-05-15,OPERATIONS,2016-04-21,184742.13062006,4202.01227119396
275,2551,BIEHN PARK,NEIGHBOURHOOD PARK,PLAY AREA,MINOR,135,PIONEER DR,KITCHENER,2003-09-24,2015-08-23,OPERATIONS,2016-04-21,14875.12762388,494.802827462099
276,5499,LYNNVALLEY PARK NATURAL AREA,NATURAL AREA,OPEN SPACE,MINOR,26,LYNNVALLEY CRES,KITCHENER,2010-09-19,2014-05-07,OPERATIONS,2016-04-21,54958.67522525,3447.07461669138
277,2318,ELMSDALE PARK,NEIGHBOURHOOD PARK,PLAY AREA,MINOR,83,ELMSDALE DR,KITCHENER,2003-09-24,2015-07-31,OPERATIONS,2016-04-21,24957.161269425,710.844875060556
278,2422,MONTGOMERY PARK,NEIGHBOURHOOD PARK,PLAY AREA,MINOR,135,MONTGOMERY RD,KITCHENER,2003-09-24,2015-07-31,OPERATIONS,2016-04-21,41097.93903409,1297.72206238704
279,4848,COLTON SWP,NATURAL AREA,OPEN SPACE/SWM,MINOR,,COLTON CIR,KITCHENER,2008-02-08,2014-04-14,58M-331,2004-10-07,12418.500346205,574.464252327672
280,2317,HIGHBROOK PARK,GREENWAY,PLAY AREA,LOCAL,110,HIGHBROOK ST,KITCHENER,2003-09-24,2015-08-23,OPERATIONS,2016-04-21,13350.489948385,1352.71244394774
281,8092,MARIGOLD PARK,GREEN (PARKETTE),PLAY AREA,MINOR,375,ROBERT FERRIE DR,KITCHENER,2015-04-24,2015-08-23,OPERATIONS,2015-04-23,1881.13231599,212.365765441052
282,2441,GRAND RIVER FLOODPLAIN (KING STREET EAST),NATURAL AREA,OPEN SPACE,LOCAL,,KING ST E,KITCHENER/GRCA,2010-09-19,2014-05-08,KPMP,2010-06-01,76088.72444627,1402.51650241181
283,2578,NORTHFOREST TRAIL,GREENWAY,OPEN SPACE/TRAIL,LOCAL,,GLASGOW ST TO NORTHFOREST TRAIL,KITCHENER,2003-09-24,2014-05-08,OPERATIONS,2016-04-21,4324.732670475,689.46088497449
284,5493,LANCASTER BUSINESS PARK NATURAL AREA,NATURAL AREA,OPEN SPACE,MINOR,,RIVERBEND DR,KITCHENER,2010-09-19,2014-05-08,OPERATIONS,2016-04-21,71941.29055273,2710.13246015141
285,2351,DOM CARDILLO TRAIL (HYDRO),OTHER,HYDRO CORRIDOR,LOCAL,,RIVER RD E,HYDRO,2003-09-24,2014-05-08,OPERATIONS,2016-04-21,97699.810714145,6788.54761381412
286,2522,FOREST HEIGHTS COMMUNITY TRAIL (HYDRO),OTHER,HYDRO CORRIDOR,MINOR,,ROYAL ORCHARD DR,HYDRO,2003-09-24,2014-05-15,OPERATIONS,2016-04-21,190883.671699745,9507.37833931048
287,2533,BRIGADOON WOODS,NATURAL AREA,OPEN SPACE/WOODLOT,MINOR,,STRASBURG RD,KITCHENER,2003-09-24,2014-05-07,OPERATIONS,2016-04-21,143481.968323565,2016.76247160482
288,2436,TRAILVIEW PARK,NEIGHBOURHOOD PARK,PLAY AREA,MINOR,21,TRAILVIEW DRIVE,KITCHENER,2003-09-24,2015-08-23,OPERATIONS,2016-04-21,13399.99380604,614.722461575481
289,2404,KAUFMAN PARK,DISTRICT PARK,MAJOR SPORTSFIELD,MINOR,104,STIRLING AVE S,KITCHENER,2003-09-24,2014-05-07,OPERATIONS,2016-04-21,67939.29151127,1538.10500421697
290,3283,SOPHIA PARK,NEIGHBOURHOOD PARK,PLAY AREA,LOCAL,97,SOPHIA CRES,KITCHENER,2005-10-31,2015-08-23,OPERATIONS 2008 PARK AUDIT,2008-02-08,3413.940607445,232.293042180588
291,2527,SETTLERS GROVE PARK,NEIGHBOURHOOD PARK,PLAY AREA,MINOR,206,PIONEER TOWER RD,KITCHENER,2003-09-24,2015-08-23,OPERATIONS,2016-04-21,13536.559451835,802.846638579858
292,2576,IDLEWOOD PARK,NEIGHBOURHOOD PARK,PLAY AREA,MAJOR,5,THALER AVE,KITCHENER,2003-09-24,2015-08-23,OPERATIONS,2016-04-21,19987.2670715,775.60576196504
293,2424,GRAND RIVER CORRIDOR,NATURAL AREA,OPEN SPACE,LOCAL,,PIONEER TOWER RD,GRCA,2010-09-19,2013-12-16,KPMP,2010-06-01,86020.454840405,5352.90233043621
294,2354,VOISIN PARK,NEIGHBOURHOOD PARK,PLAY AREA,MINOR,225,ACTIVA AVE,KITCHENER,2003-09-24,2015-08-23,OPERATIONS,2016-04-21,47772.07692716,1091.47422050431
295,3061,OTTERBEIN NATURAL AREA,NATURAL AREA,OPEN SPACE,MINOR,,OTTERBEIN RD,REGION,2010-09-19,2013-12-16,KPMP,2010-06-01,88108.974531,2416.94632062635
296,2302,SYLVIA PARK,NEIGHBOURHOOD PARK,PLAY AREA,MINOR,25,SYLVIA ST,KITCHENER,2003-09-24,2015-08-23,OPERATIONS,2016-04-21,12249.7663653,483.88237284051
297,6993,UNNAMED 3,GREENWAY,OPEN SPACE,MINOR,110,KENT AVE,KITCHENER,2014-03-13,2014-05-07,OPERATIONS,2013-03-13,18510.65926079,776.4376597858
298,2521,MEADOWLANE PARK,NEIGHBOURHOOD PARK,PLAY AREA,MINOR,138,GLEN PARK CRES,KITCHENER,2003-09-24,2015-08-23,OPERATIONS,2016-04-21,32618.89848538,794.475978112453
299,2509,WILLOWLAKE PARK,NEIGHBOURHOOD PARK,PLAY AREA,MINOR,1815,OLD MILL RD,GRCA,2003-09-24,2015-08-23,OPERATIONS,2016-04-21,13936.13664307,466.635934689584
300,2500,TECUMSEH PARK,NEIGHBOURHOOD PARK,PLAY AREA,MINOR,140,INDIAN RD,KITCHENER,2003-09-24,2015-08-23,OPERATIONS,2016-04-21,19013.66268026,839.666243574685
301,6997,UNNAMED 1,GREENWAY,OPEN SPACE,MINOR,,MADISON AVE S,KITCHENER,2014-03-13,2014-05-07,OPERATIONS,2013-03-13,2121.372549655,394.600525464209
302,2496,BREITHAUPT PARK,DISTRICT PARK,MAJOR SPORTSFIELD,MAJOR,350,MARGARET AVE,KITCHENER,2003-09-24,2014-05-07,OPERATIONS,2016-04-21,290904.656225695,5302.21886068892
303,5372,LANCASTER PARK,NEIGHBOURHOOD PARK,UNKNOWN,MINOR,559,LANCASTER ST W,KITCHENER,2010-03-22,2016-01-20,COMMUNITY SERVICES DAN RITZ,2009-06-01,803.007453385,132.733808350545
304,2476,MONARCH WOODS PARK,NATURAL AREA,OPEN SPACE,MAJOR,166,FISCHER HALLMAN RD,KITCHENER,2003-09-24,2014-05-07,OPERATIONS,2016-04-21,142348.559272875,2305.67777228708
305,5309,HELENA FEASBY ST SWP,NATURAL AREA,OPEN SPACE/SWM,MINOR,,HELENA FEASBY ST,KITCHENER,2009-04-19,2014-04-14,58M-408,2006-07-20,10679.607004155,442.381212815827
306,2502,STANLEY PARK CONSERVATION AREA (GRCA),NATURAL AREA,OPEN SPACE,MAJOR,,RIVER RD E,KITCHENER/GRCA,2003-09-24,2014-05-15,OPERATIONS,2016-04-21,616937.07851517,8379.91907823996
307,5546,HENRY STURM GREENWAY,NATURAL AREA,OPEN SPACE,MINOR,,WEST AVE,KITCHENER,2010-09-19,2016-01-20,OPERATIONS,2014-03-13,12352.22365966,812.103758774576
308,2475,MILLWOOD PARK,NEIGHBOURHOOD PARK,PLAY AREA,MINOR,130,MILLWOOD CRES,KITCHENER,2003-09-24,2015-08-23,OPERATIONS,2016-04-21,28343.054961915,1615.95009899221
309,2541,BUDD PARK,DISTRICT PARK,MAJOR SPORTSFIELD,MAJOR,1111,HOMER WATSON BLVD,KITCHENER/PRIVATE,2003-09-24,2014-05-15,OPERATIONS,2016-04-21,179973.042445405,2471.57028585459
310,5471,BLAIR CREEK NATURAL AREA,NATURAL AREA,OPEN SPACE,LOCAL,,BLAIR CREEK DR AND DODGE DR,KITCHENER,2010-08-22,2016-01-21,58M-584,2015-06-26,47979.529087505,1068.33078136195
311,2540,BORDEN WETLANDS,NATURAL AREA,OPEN SPACE/WETLAND,MINOR,,FISCHER HALLMAN RD,KITCHENER,2003-09-24,2014-05-07,OPERATIONS,2016-04-21,172934.57803082,2149.38899735042
312,2568,HENRY STURM GREENWAY,GREENWAY,OPEN SPACE,MINOR,,WEST AVE,KITCHENER,2003-09-24,2016-01-20,OPERATIONS,2014-03-13,30101.02428795,2153.19446388098
313,2418,LAURENTIAN TRAIL (HYDRO),OTHER,HYDRO CORRIDOR,MINOR,,LAURENTIAN DR,REGION/HYDRO,2003-09-24,2014-05-07,OPERATIONS,2016-04-21,144671.9012097,6097.02645507382
314,2490,PETER HALLMAN BALLYARD / ACTIVA SPORTSPLEX,DISTRICT PARK,MAJOR SPORTSFIELD,MINOR,220,HAYWARD AVE,KITCHENER,2003-09-24,2014-07-15,OPERATIONS,2016-04-21,67180.237521385,1603.2667912607
315,2473,LYNNVALLEY PARK,NEIGHBOURHOOD PARK,PLAY AREA,MINOR,26,LYNNVALLEY CRES,KITCHENER,2003-09-24,2015-07-31,OPERATIONS,2016-04-21,31929.65852678,3328.45588577183
316,2583,MEINZINGER PARK,DISTRICT PARK,MINOR SPORTSFIELD,MINOR,100,HOMER WATSON BLVD,KITCHENER,2003-09-24,2015-07-31,OPERATIONS,2016-04-21,65946.980439685,2850.31969769691
317,2320,STIRLING GREEN,GREEN (PARKETTE),PASSIVE AREA,LOCAL,,STIRLING AVE S,KITCHENER,2003-09-24,2014-05-07,OPERATIONS,2016-04-21,997.25418964,137.57530828036
318,2309,LUTHER GREEN,GREEN (PARKETTE),PASSIVE AREA,LOCAL,,WEBER ST E,KITCHENER,2003-09-24,2014-05-07,OPERATIONS,2016-04-21,734.393632415,120.859866495938
319,7334,UNNAMED 80,OPEN SPACE,OPEN SPACE/SWM,LOCAL,,FAIRWAY RD N,KITCHENER/GRCA,2014-09-11,2014-09-11,58M-576,2014-08-12,32638.42353372,741.111064627913
320,2542,GRAND VIEW WOODS SOUTH (GRCA),NATURAL AREA,OPEN SPACE,MINOR,,GRANDHILL DR,GRCA,2003-09-24,2014-05-07,OPERATIONS,2016-04-21,96654.31964393,1980.62476783041
321,2449,WALLENBERG PARK,GREEN (PARKETTE),PASSIVE AREA,LOCAL,160,WEBER ST E,KITCHENER,2003-09-24,2014-05-07,OPERATIONS,2016-04-21,2061.84445739,243.745501796857
322,5607,UNNAMED 70,OPEN SPACE,OPEN SPACE/SERVICE CORRIDOR,MINOR,,PONDCLIFFE CRT,KITCHENER,2011-04-27,2013-05-01,58M-504,1999-08-01,5423.127168385,542.271018676683
323,2399,LANCASTER BUSINESS PARK GREENWAY,GREENWAY,OPEN SPACE,MINOR,,RIVERBEND DR,KITCHENER,2003-09-24,2014-05-07,OPERATIONS,2016-04-21,17445.351849025,844.514012936134
324,5313,ISAIAH PL - SWP,NATURAL AREA,OPEN SPACE/HAZARD LAND,MINOR,,ISAIAH PL,KITCHENER,2009-04-19,2014-01-10,58M-451,2008-01-11,14852.13372943,563.776074145914
325,7533,UNNAMED 94,NATURAL AREA,OPEN SPACE/HAZARD LAND,MINOR,,MARIANNE DORN TRAIL,KITCHENER,2015-01-23,2015-05-21,58M-572,2014-05-15,20199.9676099,781.33591064767
326,2454,FALCONRIDGE DRIVE - NATURAL AREA & SWP,NATURAL AREA,OPEN SPACE/HAZARD LAND,LOCAL,,FALCONRIDGE DR,KITCHENER,2003-09-24,2014-05-07,OPERATIONS,2016-04-21,8825.707534705,543.440297860465
327,5511,WHEATFIELD PARK GREENWAY,GREENWAY,OPEN SPACE,MINOR,,WHEATFIELD CRES,KITCHENER,2010-09-19,2014-05-07,OPERATIONS,2016-04-21,11747.499866525,1324.72212299874
328,5529,HENRY STURM GREENWAY - FENWICK GREENWAY,GREENWAY,OPEN SPACE,MINOR,,WEST AVE,KITCHENER,2010-09-19,2015-07-31,OPERATIONS,2016-04-21,25706.15923965,1741.20123815385
329,2347,GRAND RIVER TRAIL - OLD COTTAGE LANE GREENWAY,GREENWAY,OPEN SPACE,MINOR,,KESTREL PL,KITCHENER,2003-09-24,2014-05-07,OPERATIONS,2016-04-21,10163.09847057,726.808517016538
330,2486,WESTCHESTER PARK,NEIGHBOURHOOD PARK,PLAY AREA,MINOR,173,WESTCHESTER DR,KITCHENER,2003-09-24,2015-07-31,OPERATIONS,2016-04-21,16590.604549575,671.250627146216
331,2275,KNOLLWOOD PARK,NEIGHBOURHOOD PARK,MINOR SPORTSFIELD,MINOR,311,EAST AVE,KITCHENER,2003-09-24,2014-05-07,OPERATIONS,2016-04-21,34822.25407371,837.578455822843
332,3183,HURON TRAIL,GREENWAY,OPEN SPACE/TRAIL,LOCAL,,HURON RD,KITCHENER,2005-06-01,2014-05-07,58M-346,2005-03-24,5673.63123697,859.849941528216
333,2342,GRAND RIVER NATURAL AREA (OLD MILL),NATURAL AREA,OPEN SPACE,LOCAL,,OLD MILL RD,GRCA,2010-09-19,2014-05-07,KPMP,2010-06-01,22767.482500735,1207.51539427565
334,5584,ROCHEFORT PARK,NEIGHBOURHOOD PARK,PASSIVE AREA,LOCAL,,ROCHEFORT ST,KITCHENER,2011-04-18,2014-06-05,30T-10201,2010-10-26,1742.01446996,174.004671400054
335,2372,ASH PARK,GREEN (PARKETTE),PLAY AREA,LOCAL,7,ASH ST,KITCHENER,2003-09-24,2015-07-31,OPERATIONS,2016-04-21,2977.4836107,364.62243977898
336,2326,CARLYLE PARK,NEIGHBOURHOOD PARK,MINOR SPORTSFIELD,MINOR,580,PIONEER DR,KITCHENER,2003-09-24,2015-07-31,OPERATIONS,2016-04-21,27509.26315975,792.236991277632
337,2480,RITTENHOUSE PARK,NEIGHBOURHOOD PARK,PLAY AREA,MINOR,345,RITTENHOUSE RD,KITCHENER,2003-09-24,2015-07-31,OPERATIONS,2016-04-21,70214.1971806,1563.60324234178
338,6073,SHOEMAKER GREENWAY,OPEN SPACE,OPEN SPACE,MINOR,,MILL ST,KITCHENER,2012-10-19,2013-05-01,58M-542,2012-07-16,1778.32055446,351.338965184378
339,3064,PETRIFYING SPRING NATURAL AREA,NATURAL AREA,OPEN SPACE,MINOR,,WABANAKI DR,KITCHENER,2005-02-18,2014-05-07,OPERATIONS,2016-04-21,47699.256573165,1573.27998654377
340,5497,FALCONRIDGE DRIVE NATURAL AREA,NATURAL AREA,OPEN SPACE,LOCAL,,FALCONRIDGE DR,KITCHENER,2010-09-19,2014-05-07,OPERATIONS,2016-04-21,11199.714538905,452.426998175273
341,5517,UPPER CANADA PARK NATURAL AREA,NATURAL AREA,OPEN SPACE,MINOR,,UPPER CANADA DR,KITCHENER,2010-09-19,2014-05-07,OPERATIONS,2016-04-21,74667.393146045,1858.81930056786
342,5501,RITTENHOUSE PARK GREENWAY,GREENWAY,OPEN SPACE,MINOR,,RITTENHOUSE RD,KITCHENER,2010-09-19,2014-05-12,OPERATIONS,2016-04-21,10580.21015158,1367.53973300417
343,5527,PAIGE PARK NATURAL AREA (FLOOD PLAIN),NATURAL AREA,OPEN SPACE,LOCAL,,PAIGE ST,KITCHENER,2010-09-19,2014-02-13,58M-411,2006-07-21,113167.269098005,1320.54652852957
344,2508,SHOEMAKER GREENWAY,GREENWAY,OPEN SPACE,MINOR,,KEHL ST,KITCHENER,2003-09-24,2015-07-31,OPERATIONS,2016-04-21,35149.96427204,2545.57831766829
345,2322,SOUTHWEST OPTIMIST SPORTS FIELD,DISTRICT PARK,MAJOR SPORTSFIELD,MINOR,120,PIONEER DR,KITCHENER,2003-09-24,2014-05-07,OPERATIONS,2016-04-21,87414.192528555,1231.22596065401
346,5513,LAKESIDE PARK NATURAL AREA,NATURAL AREA,OPEN SPACE,MINOR,,LAKESIDE DR,KITCHENER,2010-09-19,2014-05-07,OPERATIONS,2016-04-21,99958.945689035,2541.39199725286
347,2514,YELLOW BIRCH PARK,NEIGHBOURHOOD PARK,PLAY AREA,MINOR,135,YELLOW BIRCH DR,KITCHENER,2003-09-24,2015-07-31,OPERATIONS,2016-04-21,17462.330363375,659.300147606039
348,2339,HIGHGATE ROAD - SWP,NATURAL AREA,OPEN SPACE/SWM,MINOR,,HIGHGATE RD,KITCHENER,2003-09-24,2014-05-07,OPERATIONS,2016-04-21,2445.330470765,194.905451821153
349,2462,SHUPE GREEN,GREEN (PARKETTE),PASSIVE AREA,LOCAL,,OTTAWA ST N & WEBER ST E,KITCHENER,2003-09-24,2014-05-07,OPERATIONS,2016-04-21,372.3487853,80.7975063152917
350,2503,RADDATZ PARK,NEIGHBOURHOOD PARK,PASSIVE AREA,MINOR,,GAGE AVE,KITCHENER,2003-09-24,2015-07-31,OPERATIONS,2016-04-21,17311.10074343,1084.43181115926
351,2333,MAUSSER PARK,NEIGHBOURHOOD PARK,PLAY AREA,MINOR,219,STIRLING AVE S,KITCHENER,2003-09-24,2015-07-31,OPERATIONS,2016-04-21,47900.312346095,1635.65845857966
352,2395,CHERRY PARK,NEIGHBOURHOOD PARK,MINOR SPORTSFIELD,MINOR,84,STRANGE ST,KITCHENER,2003-09-24,2015-07-31,OPERATIONS,2016-04-21,30324.135740615,938.521619795996
353,2361,TYSON PARK,NEIGHBOURHOOD PARK,FACILITY PROPERTY,LOCAL,20,TYSON DR,KITCHENER,2003-09-24,2014-05-07,OPERATIONS,2016-04-21,7007.810240005,423.825630719251
354,2550,LAKESIDE PARK,NEIGHBOURHOOD PARK,PLAY AREA,MINOR,140,LAKESIDE DR,KITCHENER,2003-09-24,2014-05-07,OPERATIONS,2016-04-21,53966.946876365,2332.70350581144
355,2308,FORLER GREEN,GREEN (PARKETTE),PASSIVE AREA,LOCAL,,JUNIPER CRES,KITCHENER,2003-09-24,2014-05-07,OPERATIONS,2016-04-21,1425.43714212,149.870510489479
356,2501,EBY PARK,NEIGHBOURHOOD PARK,PLAY AREA,MINOR,137,HOLBORN DR,KITCHENER,2003-09-24,2014-05-07,OPERATIONS,2016-04-21,24763.88609916,1062.45171778441
357,2394,GZOWSKI PARK,NEIGHBOURHOOD PARK,PLAY AREA,MINOR,10,CHOPIN DR,KITCHENER,2003-09-24,2014-05-07,OPERATIONS,2016-04-21,61232.40584318,1150.04628308213
358,2378,HIGHLAND COURTS PARK,DISTRICT PARK,MAJOR SPORTSFIELD,MINOR,120,HIGHLAND RD E,KITCHENER,2003-09-24,2014-05-07,OPERATIONS,2016-04-21,23770.08816134,803.286231430836
359,2482,SCHOOL CREEK,NATURAL AREA,OPEN SPACE,MINOR,,WOODSMANS CRT,KITCHENER,2003-09-24,2014-05-07,OPERATIONS,2016-04-21,25496.373952685,1292.50546630768
360,2574,WILSON PARK,DISTRICT PARK,MAJOR SPORTSFIELD,MINOR,72,WILSON AVE,KITCHENER,2003-09-24,2014-05-07,OPERATIONS,2016-04-21,112087.31041457,3102.29154523856
361,4833,COUNTRY CLAIR PARK,NEIGHBOURHOOD PARK,PLAY AREA,LOCAL,34,COUNTRY CLAIR ST,KITCHENER,2008-02-06,2015-07-31,OPERATIONS,2008-02-06,11400.81763575,511.740834415462
362,5297,HENRY STURM GREENWAY - FENWICK NATURAL AREA,NATURAL AREA,OPEN SPACE,MINOR,,WEST AVE,KITCHENER,2009-02-25,2014-05-07,OPERATIONS,2016-04-21,5061.655014915,424.013138400892
363,2374,TIMBERLANE PARK,NEIGHBOURHOOD PARK,PLAY AREA,MINOR,38,TIMBERLANE CRES,KITCHENER,2003-09-24,2015-07-31,OPERATIONS,2016-04-21,11298.226763555,745.03959074022
364,2468,GUELPH STREET PARK,NEIGHBOURHOOD PARK,PLAY AREA,MINOR,800,GUELPH ST,KITCHENER,2003-09-24,2014-05-07,OPERATIONS,2016-04-21,12511.01990389,649.277045112065
365,2329,COUNTRY HILLS PARK,DISTRICT PARK,PLAY AREA,MINOR,365,COUNTRY HILL DR,KITCHENER,2003-09-24,2015-07-31,OPERATIONS,2016-04-21,42970.06678978,1168.45380432122
366,5540,CONCORDIA PARK GREENWAY,GREENWAY,OPEN SPACE,MINOR,25,GREENBROOK DR,KITCHENER/REGION,2010-09-19,2016-02-19,OPERATIONS,2016-04-21,17917.058719095,1219.08365001384
367,5484,CONCORDIA PARK NATURAL AREA,NATURAL AREA,OPEN SPACE,MINOR,,GREENBROOK DR,KITCHENER/REGION,2010-09-19,2016-02-19,OPERATIONS,2016-04-21,74943.026206655,2605.59546161045
368,5481,KIWANIS PARK NATURAL AREA,NATURAL AREA,OPEN SPACE/WOODLOT,MAJOR,1000,KIWANIS PARK DR,KITCHENER,2010-09-19,2016-03-17,OPERATIONS,2016-04-21,310771.239934485,3380.67729703257
369,5504,WESTHEIGHTS PARK NATURAL AREA,NATURAL AREA,OPEN SPACE,MINOR,,WESTHEIGHTS DR,KITCHENER,2010-09-19,2014-05-07,OPERATIONS,2016-04-21,43766.5977594,1615.29534372449
370,2996,GRAND RIVER NATURAL AREA - SIMS ESTATE,NATURAL AREA,OPEN SPACE,LOCAL,,EDGEWATER CRES,KITCHENER,2005-01-31,2014-05-07,OPERATIONS,2005-02-18,124768.92501176,2346.06000622627
371,2358,GEORGIAN PARK,NATURAL AREA,OPEN SPACE,MINOR,,GEORGIAN CRES,KITCHENER,2003-09-24,2014-05-07,OPERATIONS,2016-04-21,15527.1362399,814.074085039874
372,2400,CENOTAPH GREEN,GREEN (PARKETTE),PASSIVE AREA,LOCAL,15,DUKE ST E,FEDERAL GOVERNMENT,2003-09-24,2014-05-07,OPERATIONS,2016-04-21,895.43920931,121.903497881962
373,2396,FRANKLIN PARK,NEIGHBOURHOOD PARK,MINOR SPORTSFIELD,MINOR,335,FRANKLIN ST N,KITCHENER,2003-09-24,2015-07-31,OPERATIONS,2016-04-21,37725.377922125,1138.77737625033
374,2435,GLENCLIFFE COURT - SWP,NATURAL AREA,OPEN SPACE/HAZARD LAND,LOCAL,,KEEWATIN AVE,KITCHENER,2003-09-24,2014-05-07,OPERATIONS,2016-04-21,4168.455383645,287.560858093001
375,2438,FRAN ELLEN CRESCENT - SWP,NATURAL AREA,OPEN SPACE/HAZARD LAND,MINOR,,FRAN ELLEN CRES,KITCHENER,2003-09-24,2014-05-07,OPERATIONS,2016-04-21,3883.29627599,466.975100682818
376,2353,FAIRWAY ROAD NORTH - SWP,NATURAL AREA,OPEN SPACE,MINOR,,FAIRWAY RD N,KITCHENER,2003-09-24,2014-05-07,OPERATIONS,2016-04-21,3622.91241504,331.239052685658
377,5489,IDLE CREEK DRIVE NATURAL AREA,NATURAL AREA,OPEN SPACE,MINOR,,IDLE CREEK DR,KITCHENER,2010-09-19,2014-05-07,OPERATIONS,2016-04-21,6940.222605605,363.432606815202
378,2337,KITCHENER MEMORIAL AUDITORIUM COMPLEX SPORTSFIELD,CITY WIDE PARK,PLAY AREA,MAJOR,400,EAST AVE,KITCHENER,2010-09-19,2014-05-07,OPERATIONS,2016-04-21,59401.25784058,1076.54400988622
379,2364,RIVERBEND DRIVE - SWP,NATURAL AREA,OPEN SPACE/SWM,MINOR,,RIVERBEND DR,KITCHENER,2003-09-24,2014-05-07,OPERATIONS,2016-04-21,2045.484703315,186.015717716433
380,2443,OLD HURON COURT,GREEN,OPEN SPACE,MINOR,,OLD HURON CRT,KITCHENER,2003-09-24,2014-05-07,OPERATIONS,2016-04-21,288.98704744,92.2449398175679
381,3035,WATERFORD COURT OPEN SPACE,NATURAL AREA,OPEN SPACE,LOCAL,,PINE VALLEY DR,KITCHENER,2005-01-31,2014-05-07,OPERATIONS,2005-01-31,23704.71548774,788.833689188465
382,3047,SCHNEIDER CREEK NATURAL AREA,NATURAL AREA,OPEN SPACE,LOCAL,1366,DOON VILLAGE RD,KITCHENER,2005-02-18,2014-05-07,OPERATIONS,2005-02-18,15993.70610054,837.346294384852
383,2536,RIDGEMOUNT TRAIL,GREENWAY,OPEN SPACE/TRAIL,MINOR,,RIDGEMOUNT ST,KITCHENER,2003-09-24,2014-05-07,OPERATIONS,2016-04-21,3489.03360991,701.497759381613
384,2444,PIONEER TOWER ROAD - SWP,NATURAL AREA,OPEN SPACE/HAZARD LAND,MINOR,,PIONEER TOWER RD,KITCHENER,2003-09-24,2014-05-07,OPERATIONS,2016-04-21,7537.902213765,392.243802503996
385,2425,VERONICA DRIVE - SWP,NATURAL AREA,OPEN SPACE/HAZARD LAND,MINOR,,VERONICA DR,KITCHENER,2003-09-24,2014-05-07,OPERATIONS,2016-04-21,1449.073177415,153.084165812234
386,5549,RIVERBEND DRIVE NATURAL AREA - SWP,NATURAL AREA,OPEN SPACE/SWM,MINOR,,RIVERBEND DR,KITCHENER,2010-09-20,2014-05-07,OPERATIONS,2016-04-21,19639.532892195,738.670811993646
387,2528,RIVERS EDGE WALK,NATURAL AREA,OPEN SPACE/TRAIL,MINOR,,EDGEHILL DR,KITCHENER,2003-09-24,2014-05-07,OPERATIONS,2016-04-21,16988.745515945,2195.44537386903
388,5457,SHADED CREEK DR - SWP,NATURAL AREA,OPEN SPACE/SWM,LOCAL,,SHADED CREEK DR,KITCHENER,2010-08-22,2015-08-25,58M-584,2015-06-26,13681.07625063,535.760834838234
389,2461,WALDAU WOODS PARK,NATURAL AREA,OPEN SPACE,MINOR,,TRUSSLER RD,KITCHENER,2003-09-24,2015-07-31,OPERATIONS,2016-04-21,47591.51277353,1208.29638397225
390,2397,HIBNER PARK,GREEN (PARKETTE),PLAY AREA,LOCAL,70,AHRENS ST W,KITCHENER,2003-09-24,2014-05-07,OPERATIONS,2016-04-21,530.90331756,113.76832605447
391,2593,FOREST HEIGHTS COMMUNITY CENTRE AND FIRE HALL,NEIGHBOURHOOD PARK,FACILITY PROPERTY,MINOR,1700,QUEENS BLVD,KITCHENER,2003-09-24,2014-05-07,OPERATIONS,2016-04-21,21670.375216435,637.360173510224
392,2273,SILVER GREEN,GREEN (PARKETTE),PASSIVE AREA,LOCAL,,SILVER ASPEN CRES,KITCHENER,2003-09-24,2014-05-07,OPERATIONS,2016-04-21,2022.15138395,193.064880505546
393,4839,TILT TRAIL,GREENWAY,OPEN SPACE/TRAIL,MINOR,,TILT DR,KITCHENER,2008-02-08,2014-05-15,OPERATIONS 2008 PARK AUDIT,2008-02-08,9575.6013007,1407.01719686216
394,3006,GRAND RIVER NATURAL AREA,NATURAL AREA,OPEN SPACE,LOCAL,,ZELLER DR,KITCHENER,2005-01-31,2014-05-15,OPERATIONS,2005-01-31,91027.852645675,2715.15603330537
395,2463,DOON CREEK NATURAL AREA,NATURAL AREA,OPEN SPACE,MINOR,,DOON SOUTH DR,KITCHENER,2003-09-24,2014-05-15,OPERATIONS,2016-04-21,165465.871532805,2383.92527785835
396,2291,FISCHER PARK,DISTRICT PARK,MAJOR SPORTSFIELD,MINOR,47,FISCHER HALLMAN RD,KITCHENER,2003-09-24,2014-05-07,OPERATIONS,2016-04-21,31890.621941865,779.174688205102
397,5541,STRASBURG SWP,NATURAL AREA,OPEN SPACE/HAZARD LAND,MAJOR,,STRASBURG RD,KITCHENER,2010-09-19,2014-05-07,OPERATIONS,2016-04-21,23958.196813135,902.845842501334
398,2414,OKTOBERFEST PLATZ,GREEN (URBAN PLAZA),PASSIVE AREA,LOCAL,19,BENTON ST,KITCHENER,2003-09-24,2014-05-07,OPERATIONS,2016-04-21,311.117236765,83.8457599090632
399,2388,DIXON GREEN,GREEN (PARKETTE),PASSIVE AREA,LOCAL,,DIXON ST,KITCHENER,2003-09-24,2014-05-07,OPERATIONS,2016-04-21,6677.62384355,846.484779894721
400,3305,HUCK PARK GREENWAY,GREENWAY,OPEN SPACE,MINOR,,HUCK CRES,KITCHENER,2005-12-12,2015-07-31,OPERATIONS,2016-04-21,7826.400797085,656.110833397196
401,6632,DOON MILLS PARK,NEIGHBOURHOOD PARK,PLAY AREA,MAJOR,4,DOON MILLS DR,KITCHENER,2013-11-06,2015-07-31,Playground Inspections ,2013-11-06,5689.213158005,311.06352530064
402,2304,WEBER PARK,NEIGHBOURHOOD PARK,PLAY AREA,MINOR,380,FREDERICK ST,KITCHENER,2003-09-24,2014-05-07,OPERATIONS,2016-04-21,20431.77858982,580.727867275452
403,2368,GEORGE LIPPERT PARK,NEIGHBOURHOOD PARK,PLAY AREA,LOCAL,200,WEBER ST W,KITCHENER,2003-09-24,2014-05-07,OPERATIONS,2016-04-21,7571.5073916,408.979929672845
404,2282,WOODSIDE NATIONAL HISTORIC PARK (FEDERAL),OTHER,HISTORIC SITE,MAJOR,570,WELLINGTON ST N,FEDERAL GOVERNMENT,2003-09-24,2014-05-07,OPERATIONS,2016-04-21,46943.93143838,1641.63252485045
405,2416,SPEAKERS CORNER,GREEN (PARKETTE),PASSIVE AREA,LOCAL,,BENTON ST,KITCHENER,2003-09-24,2014-05-07,OPERATIONS,2016-04-21,662.080455615,131.125378538786
406,2276,ROSEMOUNT PARK,GREEN (PARKETTE),PASSIVE AREA,LOCAL,,AVON RD,KITCHENER,2003-09-24,2014-05-07,OPERATIONS,2016-04-21,3392.690514105,330.142709085498
407,5483,ALPINE PARK NATURAL AREA,NATURAL AREA,OPEN SPACE,MINOR,,KINGSWOOD DR,KITCHENER,2010-09-19,2014-05-07,OPERATIONS,2016-04-21,20958.999869,780.353881695531
408,7532,UNNAMED 95,NEIGHBOURHOOD PARK,PARK,LOCAL,,MARIANNE DORN TRAIL,KITCHENER,2015-01-23,2015-01-23,58M-572,2014-05-15,2418.83153201,209.461204686772
409,2556,RIVER RIDGE COMMUNITY PARK,NEIGHBOURHOOD PARK,PLAY AREA,MINOR,144,HAWKSWOOD DR,KITCHENER,2003-09-24,2015-07-31,OPERATIONS,2016-04-21,27834.92747791,893.207630626464
410,2545,HILLSIDE PARK,NEIGHBOURHOOD PARK,PLAY AREA,MINOR,15,HILL ST,KITCHENER,2003-09-24,2015-07-31,OPERATIONS,2016-04-21,11726.326361955,711.694781625215
411,3600,TREMAINE PARK,NEIGHBOURHOOD PARK,PASSIVE AREA,LOCAL,100,WILLIAM LEWIS ST,KITCHENER,2006-03-29,2015-07-31,30T-00201,2006-02-24,14197.69919719,595.82807567305
412,2293,GREENGABLE PARK,NEIGHBOURHOOD PARK,PLAY AREA,MINOR,1220,GREENGABLE WAY,KITCHENER,2003-09-24,2015-07-31,OPERATIONS,2016-04-21,18085.062478905,612.549356443609
413,2392,EASTFOREST PARK,DISTRICT PARK,MINOR SPORTSFIELD,MINOR,140,EASTFOREST TRAIL,KITCHENER,2003-09-24,2015-07-31,OPERATIONS,2016-04-21,37660.346215955,1053.81090198647
414,2370,LIONS PARK,DISTRICT PARK,MAJOR SPORTSFIELD,MINOR,20,RITTENHOUSE RD,KITCHENER,2003-09-24,2015-07-31,OPERATIONS,2016-04-21,103782.58774006,1651.89517198615
415,5485,HEARTHWOOD DR TRAIL NATURAL AREA,NATURAL AREA,OPEN SPACE/TRAIL,LOCAL,,HEARTHWOOD DR,KITCHENER,2010-09-19,2014-05-07,OPERATIONS,2005-02-18,3458.526393485,483.861119690644
416,2544,GRAND VIEW WOODS NORTH (MTO),NATURAL AREA,OPEN SPACE,MINOR,,GRANDHILL DR,PROVINCE OF ONTARIO,2003-09-24,2014-05-07,OPERATIONS,2016-04-21,294122.116864055,2630.43134668161
417,4673,FALLOWFIELD PARK,NEIGHBOURHOOD PARK,PLAY AREA,LOCAL,185,FALLOWFIELD DR,KITCHENER,2007-02-06,2015-09-10,58M-520,2011-06-06,16200.978809165,570.127695848145
418,5524,BALZER GREENWAY EAST NATURAL AREA,GREENWAY,OPEN SPACE/HAZARD LAND,MINOR,,COUNTRY HILL DR,KITCHENER,2010-09-19,2015-09-10,OPERATIONS,2016-04-21,110876.263720975,3559.10435692239
419,5415,DOON SOUTH CREEK NATURAL AREA TRAIL,OPEN SPACE,OPEN SPACE/TRAIL,LOCAL,,SOUTH CREEK DR,KITCHENER,2010-07-07,2015-08-27,58M-541,2012-06-05,2072.195027725,839.697618930901
420,5298,HALLMAN,NATURAL AREA,OPEN SPACE,MINOR,,LACKNER BLVD,PRIVATE,2009-02-25,2016-03-02,OPERATIONS,2005-02-18,100482.270158365,1808.04215430696
421,7536,OSCAR LAUBER PARK,NEIGHBOURHOOD PARK,PLAY AREA,LCOAL,316,LOUISA ST,KITCHENER,2015-01-23,2015-09-08,58M-561,2013-10-08,1166.465428755,166.113294193055
422,5416,BLAIR CREEK PARK,NEIGHBOURHOOD PARK,PLAY AREA,LOCAL,,ROBERT FERRIE DR,KITCHENER,2010-07-13,2015-09-08,30T-07202,2009-11-04,7326.086314165,343.717233965691
423,5587,DOON CREEK NATURAL AREA,NATURAL AREA,OPEN SPACE/FLOODPLAIN,MINOR,,FOREST CREEK DR,KITCHENER,2011-04-25,2015-08-28,58M-504,2010-09-16,87949.2937925,1588.8968188528
424,5568,FOREST CREEK DR - SWP,OPEN SPACE,OPEN SPACE/SWM,LOCAL,,FOREST CREEK DR,KITCHENER,2010-11-24,2015-08-28,58M-502,2010-09-14,8733.37118846,399.50341604426
425,3043,DOON CREEK NATURAL AREA,NATURAL AREA,OPEN SPACE/FLOODPLAIN,MINOR,,DOON SOUTH DR,KITCHENER,2005-01-31,2015-08-28,58M-316,2005-01-31,186515.097444005,3773.68359890714
426,5569,FOREST CREEK DR PARK,NEIGHBOURHOOD PARK,PLAY AREA,LOCAL,40,FOREST CREEK DR,KITCHENER,2010-11-24,2015-08-28,58M-502,2010-09-14,1649.72766083,212.315593085288
427,2575,WINDRUSH PARK,NEIGHBOURHOOD PARK,PLAY AREA,MINOR,,WINDRUSH TRAIL,KITCHENER,2003-09-24,2016-02-18,OPERATIONS,2016-04-21,30742.71587048,1698.98543330505
428,5413,DOON SOUTH CREEK NATURAL AREA,NATURAL AREA,OPEN SPACE,LOCAL,,STAUFFER DR,KITCHENER,2010-07-07,2015-08-27,58M-541,2012-06-05,10520.094978715,570.368758790043
429,6072,MILL ST PARKETTE,GREEN (PARKETTE),PARK,MINOR,346,MILL ST,KITCHENER,2012-10-19,2016-03-01,58R-17321,2011-12-12,376.3355674,81.5937603722283
